-- start transaction
BEGIN;

TRUNCATE TABLE users RESTART IDENTITY CASCADE;
TRUNCATE TABLE authorizations RESTART IDENTITY CASCADE;
TRUNCATE TABLE educations RESTART IDENTITY CASCADE;
TRUNCATE TABLE roles RESTART IDENTITY CASCADE;
TRUNCATE TABLE organization_structure RESTART IDENTITY CASCADE;
TRUNCATE TABLE positions RESTART IDENTITY CASCADE;
TRUNCATE TABLE departments RESTART IDENTITY CASCADE;
TRUNCATE TABLE policies RESTART IDENTITY CASCADE;
TRUNCATE TABLE passports RESTART IDENTITY CASCADE;
TRUNCATE TABLE visas RESTART IDENTITY CASCADE;
TRUNCATE TABLE experiences RESTART IDENTITY CASCADE;
TRUNCATE TABLE work_types RESTART IDENTITY CASCADE;
TRUNCATE TABLE finances RESTART IDENTITY CASCADE;
TRUNCATE TABLE militaries RESTART IDENTITY CASCADE;
TRUNCATE TABLE indexations RESTART IDENTITY CASCADE;
TRUNCATE TABLE trainings RESTART IDENTITY CASCADE;
TRUNCATE TABLE vacations RESTART IDENTITY CASCADE;
TRUNCATE TABLE benefit_uses RESTART IDENTITY CASCADE;
TRUNCATE TABLE benefits RESTART IDENTITY CASCADE;
TRUNCATE TABLE contracts RESTART IDENTITY CASCADE;

INSERT INTO public.roles (title, description)
VALUES ('admin', 'Администратор системы. Имеет доступ к созданию аккаунтов для HR и рекрутёров, их настройке.'),
        ('hr', 'HR компании. Имеет доступ к созданию и редактированию данных сотрудников (карточки)'),
        ('recruiter', 'Специалист по подбору персонала. Может просматривать только данные кандидатов.'),
        ('employee', 'Сотрудник компании. Может просматривать только свои данные.'),
        ('candidate', 'Кандидат на должность в компании. Может создать и отправить свою анкету на вакансию.');

INSERT INTO public.departments (title, description)
VALUES  ('Управление', 'Самое главное подразделение'),
        ('Отдел управления персоналом', 'Самый добрый отдел'),
        ('Отдел подбора персонала', 'Самый общительный отдел'),
        ('Бухгалтерия', 'Самый щедрый отдел');

INSERT INTO public.positions (title, description)
VALUES  ('Директор', 'Самый гуманный и солнцеликий управленец'),
        ('Начальник отдела', 'Первый после солнцеликого'),
        ('Главный специалист', 'Ведущий сотрудник любого отдела'),
        ('Специалист', 'Сотрудник любого отдела');

INSERT INTO public.organization_structure (head_department_id, head_position_id, subordinate_department_id)
VALUES  (1, null, 2),
        (1, null, 3),
        (1, null, 4);

INSERT INTO public.users (lastname, firstname, middlename, gender, date_of_birth, place_of_birth, position_id, department_id, grade, mobile_phone_number, work_email, registration_address, residential_address, insurance_number, taxpayer_number)
VALUES  ('Корепанов', 'Роман', 'Даниилович', 'Мужской', '1988-12-14', 'г. Серпухов', 1, 1, '6', '79215511436', 'korepanov@company.com', 'Россия, г. Хасавюрт, Заречная ул., д. 24 кв.199', 'Россия, г. Серпухов, Зеленая ул., д. 2 кв.90', '34665359207', '298885601004'),
        ('Яппарова', 'Галина', 'Гермоновна', 'Женский', '1993-08-09', 'г. Дербент', 2, 2, '5', '79215511436', 'yapparova@company.com', 'Россия, г. Рязань, Ленина В.И.ул., д. 6 кв.145', 'Россия, г. Дербент, Комсомольская ул., д. 21 кв.50', '52759362623', '154912198705'),
        ('Кучеров', 'Герман', 'Антонович', 'Мужской', '1981-08-22', 'г. Красноярск', 2, 3, '5', '79215511436', 'kucherov@company.com', 'Россия, г. Реутов, Ленина В.И.ул., д. 23 кв.22', 'Россия, г. Красноярск, Почтовая ул., д. 3 кв.201', '64190091782', '581551039113'),
        ('Дарюшина', 'Ольга', 'Герасимовна', 'Женский', '1983-05-13', 'г. Железногорск', 2, 4, '5', '79215511436', 'daryushina@company.com', 'Россия, г. Казань, Чкалова ул., д. 7 кв.149', 'Россия, г. Железногорск, Речная ул., д. 22 кв.137', '87293349859', '110483833670'),
        ('Яловенко', 'Римма', 'Феодосьевна', 'Женский', '1979-04-17', 'г. Нижний Тагил', 3, 4, '4', '79215511436', 'yalovenko@company.com', 'Россия, г. Ковров, Колхозный пер., д. 11 кв.57', 'Россия, г. Нижний Тагил, Новоселов ул., д. 17 кв.105', '48499927384', '660070348269'),
        ('Гроссман', 'Семен', 'Сергеевич', 'Мужской', '1997-02-23', 'г. Новомосковск', 4, 4, '3', '79215511436', 'grossman@company.com', 'Россия, г. Одинцово, Коммунистическая ул., д. 7 кв.102', 'Россия, г. Новомосковск, Якуба Коласа ул., д. 15 кв.101', '26899661063', '472328433371'),
        ('Цельнер', 'Татьяна', 'Аркадивна', 'Женский', '1987-03-09', 'г. Брянск', 4, 2, '3', '79215511436', 'zelner@company.com', 'Россия, г. Абакан, Юбилейная ул., д. 15 кв.64', 'Россия, г. Брянск, Речная ул., д. 2 кв.3', '30049154628', '273169571690'),
        ('Мартюшева', 'Полина', 'Акимовна', 'Женский', '1988-07-21', 'г. Орехово-Зуево', 4, 2, '3', '79215511436', 'martyusheva@company.com', 'Россия, г. Арзамас, Якуба Коласа ул., д. 3 кв.35', 'Россия, г. Орехово-Зуево, Новый пер., д. 12 кв.43', '79294540861', '646764546435'),
        ('Сиянович', 'Мила', 'Павловна', 'Женский', '1998-11-14', 'г. Первоуральск', 4, 3, '3', '79215511436', 'siyanovich@company.com', 'Россия, г. Муром, Березовая ул., д. 5 кв.201', 'Россия, г. Первоуральск, Заводская ул., д. 5 кв.56', '65167909125', '350651114375'),
        ('Грибов', 'Захар', 'Вениаминович', 'Мужской', '1956-09-09', 'г. Норильск', 4, 3, '3', '79215511436', 'gribov@company.com', 'Россия, г. Салават, Молодежный пер., д. 12 кв.141', 'Россия, г. Норильск, Речная ул., д. 23 кв.82', '27281788613', '993152634947'),
        ('Трохин', 'Леонид', 'Юринович', 'Мужской', '1981-12-16', 'г. Владимир', 4, 2, '3', '79944477518', 'trohin@company.com', 'Россия, г. Тверь, Строителей ул., д. 14 кв.2', 'Россия, г. Октябрьский, Строителей ул., д. 22 кв.179', '78905432165', '546486428967'),
        ('Головаха', 'Юлия', 'Валерьевна', 'Женский', '1977-10-17', ' г. Улан-Удэ', 4, 2, '3', '79068801143', 'golovaha@company.com', 'Россия, г. Белгород, Заречная ул., д. 2 кв.73', 'Россия, г. Череповец, Ленинская ул., д. 13 кв.111', '43216543217', '110408673323'),
        ('Ермилова', 'Оксана', 'Константиновна', 'Женский', '1996-06-11', 'г.  Рыбинск', 4, 2, '3', '79855621221', 'ermilova@company.com', 'Россия, г. Коломна, Октябрьская ул., д. 11 кв.160', 'Россия, г. Якутск, Березовая ул., д. 25 кв.99', '27890543216', '112418777221'),
        ('Милехина', 'Светлана', 'Артемова', 'Женский', '1970-07-06', 'г. Ижевск', 4, 3 , '3', '79927083380', 'milehina@company.com', 'Россия, г. Каспийск, Первомайский пер., д. 15 кв.216', 'Россия, г. Псков, Колхозная ул., д. 19 кв.76', '53978718262', '333640999544'),
        ('Платущихина', 'Жанна', 'Петровна', 'Женский', '1971-08-26', 'г. Санкт-Петербург', 3, 3, '4', '7996327453', 'platushchihina@company.com', 'Россия, г. Сургут, Дорожная ул., д. 14 кв.75', 'Россия, г. Братск, Приозерная ул., д. 9 кв.156', '12372689744','543210987654321'),
        ('Тесла', 'Елена', 'Антоновна', 'Женский', '1995-07-16', 'г. Новочеркасск', 4, 4, '3', '79791034416', 'tesla@company.com', 'Россия, г. Владимир, Сельская ул., д. 22 кв.138', 'Россия, г. Норильск, Чкалова ул., д. 2 кв.102', '65432178905', '543210987654321'),
        ('Ярославцева',	'Ярослава',	'Тарасовна', 'Женский', '1967-02-09', ' г. Волгодонск', 4, 4, '3', '79839613895', 'yaroslavec@company.com', 'Россия, г. Дербент, Луговая ул., д. 6 кв.39', 'Россия, г. Миасс, Почтовая ул., д. 15 кв.197', '98714563278', '109876543210987'),
        ('Гордеев',	'Вениамин',	'Федорович', 'Мужской', '1977-05-12', 'г. Красногорск', 4, 4, '3', '79544053136', 'gordeev@company.com', 'Россия, г. Тула, Трудовая ул., д. 3 кв.83', 'Россия, г. Березники, Дорожная ул., д. 2 кв.70', '27890543216', '876543210987654'),
        ('Ажикелямова',	'Римма', 'Николаевна', 'Женский', '1963-07-24', 'г. Южно-Сахалинск', 4,4, '3', '79292561624', 'ajikelyamova@company.com', 'Россия, г. Ачинск, Цветочная ул., д. 13 кв.107', 'Россия, г. Северодвинск, Первомайская ул., д. 4 кв.56', '78905432165', '765432109876543'),
        ('Ложкина',	'Кира',	'Венедиктовна', 'Женский', '1967-02-05', 'г. Ижевск', 4, 2, '3', '79074117464', 'lozhkina@company.com', 'Россия, г. Ковров, Октябрьский пер., д. 9 кв.87', 'Россия, г. Владикавказ, Почтовая ул., д. 6 кв.36', '43216543217', '654321098765432'),
        ('Сабитова', 'Варвара',	'Юлиановна', 'Женский', '1985-09-19', 'г. Якутск', 4, 2, '3', '79806549141', 'sabitova@company.com', 'Россия, г. Волгодонск, Приозерная ул., д. 11 кв.186', 'Россия, г. Пермь, Первомайский пер., д. 8 кв.40','28369435526', '543210987654321'),
        ('Шукшин',	'Георгий',	'Ильич', 'Мужской', '1983-06-20', 'г. Армавир', 4, 3, '3', '79691164323', 'shchukhin@company.com', 'Россия, г. Новокузнецк, 3 Марта ул., д. 25 кв.1', 'Россия, г. Новошахтинск, Молодежная ул., д. 5 кв.131', '71546772611', '1480495294212'),
        ('Менщико', 'Герман', 'Игнатьевич', 'Мужской', '1983-06-17', 'г.Саранск', 4, 4, '3', '79962889768', 'meshchinko@company.com', 'Россия, г. Владивосток, Школьная ул., д. 1 кв.168', 'Россия, г. Димитровград, Садовый пер., д. 17 кв.165', '34579007891', '7871752964758'),
        ('Мухин', 'Тимофей', 'Панкратович', 'Мужской', '1983-05-07', 'г. Тюмень', 4, 2,'3', '79108704379', 'muchin@company.com', 'Россия, г. Ногинск, Дружбы ул., д. 14 кв.216', 'Россия, г. Томск, Октябрьский пер., д. 19 кв.210', '36023379858', '5170397536306'),
        ('Щеголева', 'Валерия', 'Павловна', 'Женский', '1984-06-20', 'г. Новосибирск', 4, 4, '3', '79614205510', 'shegoleva@company.com', 'Россия, г. Кемерово, Озерная ул., д. 12 кв.214', 'Россия, г. Новомосковск, Светлая ул., д. 12 кв.140', '84810380798', '9433854869035'),
        ('Кучерова', 'Дарья', 'Валентиновна','Женский','1973-01-05', 'г. Екатеринбург', 4, 3,'3', '79184159769', 'kucherova@company.com', 'Россия, г. Улан-Удэ, Трудовая ул., д. 12 кв.216', 'Россия, г. Ярославль, Дорожная ул., д. 7 кв.22', '62214262842', '8378404073107'),
        ('Судленков', 'Афанасий', 'Даниилович', 'Мужской', '1983-05-08', 'г. Нижний Новгород', 4, 4, '3', '79063102049', 'sudlenkov@company.com', 'Россия, г. Находка, Тихая ул., д. 6 кв.85', 'Россия, г. Сергиев Посад, Речная ул., д. 4 кв.38', '21629807121', '5221364142313'),
        ('Кратенко', 'Ася',	'Михаиловна', 'Женский', '1975-10-21', 'г. Казань', 4, 2, '3', ' 79722083038"}' ,'kratenko@company.com', 'Россия, г. Мытищи, Гагарина ул., д. 12 кв.174', 'Россия, г. Красногорск, Юбилейная ул., д. 22 кв.75', '03623519871', '9737629623931'),
        ('Церетели', 'Тимофей',	'Александрович', 'Мужской', '1986-08-24', 'г. Самара', 4, 3, '3','79181232092', 'tsereteli@company.com', 'Россия, г. Дзержинск, Спортивная ул., д. 2 кв.63', 'Россия, г. Таганрог, Западная ул., д. 3 кв.108', '38776852740', '5347369877528'),
        ('Ерофеев',	'Адам',	'Константинович', 'Мужской', '1985-09-09', 'г. Омск', 4, 2, '3', '79108704379', 'erofeev@company.com', 'Россия, г. Ижевск, Заводская ул., д. 16 кв.99', 'Россия, г. Раменское, Школьный пер., д. 16 кв.189', '41836931546', '5526895429122'),
        ('Шипулин',	'Афанасий',	'Макарович', 'Мужской', '1995-04-07', 'г. Ростов-на-Дону', 4, 4, '3', '79119999599', 'shipulin@company.com', 'Россия, г. Кызыл, Пионерская ул., д. 9 кв.14', 'Россия, г. Одинцово, Сосновая ул., д. 25 кв.128', '36483678276', '6574271573697'),
        ('Чукчов', 'Тарас', 'Антонович', 'Мужской',  '1970-12-18', 'г. Уфа', 4, 4, '3', '79838094276', 'chukchov@company.com', 'Россия, г. Хабаровск, Новоселов ул., д. 14 кв.179', 'Россия, г. Дербент, Березовая ул., д. 11 кв.18', '67781725748', '2331609835263'),
        ('Доронин',	'Вениамин', 'Ильич', 'Мужской', '1985-09-10', 'г. Пермь', 4, 3, '3', '79734057572"}','doronin@company.com', 'Россия, г. Ростов-на-Дону, Солнечная ул., д. 9 кв.140', 'Россия, г. Иркутск, Березовая ул., д. 15 кв.146', '72732841066', '8056901318928'),
        ('Мальцев', 'Леонтий', 'Иванович', 'Мужской', '1988-03-24', 'г. Воронеж', 4, 3, '3', '79498495019', 'maltsev@company.com', 'Россия, г. Сергиев Посад, Октябрьская ул., д. 25 кв.131', 'Россия, г. Новокузнецк, Садовый пер., д. 19 кв.16', '22531683042', '3411664941598'),
        ('Канкия', 'Настасья', 'Емельяновна', 'Женский', '1986-02-06', 'г. Краснодар', 4, 2, '3', '79203235793', 'kankiya@company.com', 'Россия, г. Березники, Майская ул., д. 9 кв.6', 'Россия, г. Иваново, Заречная ул., д. 17 кв.6', '96439603291', '3986750350379'),
        ('Мусин', 'Георгий', 'Никанорович', 'Мужской', '1987-09-24', 'г. Саратов', 4, 3, '3', '79313982935', 'musin@company.com', 'Россия, г. Пермь, Песчаная ул., д. 10 кв.141', 'Россия, г. Сызрань, Светлая ул., д. 3 кв.110', '78020750868', '4107579111453'),
        ('Халски', 'Севастьян', 'Арсеньевич', 'Мужской', '1989-08-20', 'г. Тюмень', 4, 3, '3', '79091157195', 'halski@company.com', 'Россия, г. Иваново, Дзержинского ул., д. 25 кв.184', 'Россия, г. Курган, Полевая ул., д. 5 кв.146', '03199069569', '9888488425679'),
        ('Гершельмана',	'Зоя', 'Семеновна', 'Женский', '1980-06-27', 'г. Тольятти', 4, 2, '3', '79201611579"}','gershelman@company.com', 'Россия, г. Шахты, Совхозная ул., д. 7 кв.88', 'Россия, г. Саранск, Лесной пер., д. 20 кв.60', '87054957934', '3314247309585'),
        ('Уицкая', 'Лариса', 'Нифонтовна', 'Женский', '1988-04-04', 'г. Ижевск', 4, 4, '3', '79779914854', 'uitskaya@company.com', 'Россия, г. Мурманск, Заречная ул., д. 23 кв.37', 'Россия, г. Октябрьский, Интернациональная ул., д. 24 кв.15', '33177106120', '0164525574120'),
        ('Осминин',	'Давид', 'Макарович', 'Мужской', '1986-01-12', 'г. Барнаул', 4, 3, '3', '79135503371', 'osminin@company.com', 'Россия, г. Южно-Сахалинск, 17 Сентября ул., д. 2 кв.152', 'Россия, г. Салават, Ленинская ул., д. 7 кв.130', '20952813008', '0976966956815'),
        ('Мурогов',	'Никита', 'Леонтьевич', 'Мужской', '1983-06-10', 'г. Ульяновск', 4, 2, '3', '79437377216', 'murogov@company.com', 'Россия, г. Волгодонск, Октябрьская ул., д. 16 кв.43', 'Россия, г. Краснодар, Озерная ул., д. 14 кв.151', '51300921828', '3372247699424'),
        ('Куимова',	'Сюзанна', 'Макаровна', 'Женский', '1986-05-28', 'г. Киров', 4, 4, '3', '79801933746', 'kuimova@company.com', 'Россия, г. Благовещенск, Полевая ул., д. 6 кв.197', 'Россия, г. Нижневартовск, Речная ул., д. 7 кв.56', '44309505398', '8053998095525'),
        ('Кривчиков', 'Павел', 'Константинович', 'Мужской', '1983-01-04', 'г. Нефтеюганск', 4, 3, '3', '79096856887', 'krivchikov@company.com', 'Россия, г. Брянск, Новый пер., д. 10 кв.187', 'Россия, г. Петропавловск-Камчатский, Дорожная ул., д. 11 кв.204', '61635024193', '7196674884026'),
        ('Медникова', 'Ольга', 'Лукьяновна', 'Женский', '1992-07-14', 'г. Майкоп', 4, 2, '3', '79276997364', 'mednikova@company.com', 'Россия, г. Рыбинск, Речной пер., д. 4 кв.102', 'Россия, г. Хабаровск, Солнечная ул., д. 22 кв.94', '65530515369', '3576410983234'),
        ('Приходько', 'Лидия', 'Афанасьевна', 'Женский', '1986-02-01', 'г. Новый Уренгой', 4, 3, '3', '79257346427', 'prikhodko@company.com', 'Россия, г. Саранск, Лесной пер., д. 21 кв.33', 'Россия, г. Омск, Новоселов ул., д. 18 кв.157', '68826361170', '7583783232648'),
        ('Киселев', 'Степан', 'Михаилович', 'Мужской', '1989-09-18', 'г. Батайск', 4, 4, '3', '79248207576', 'kiselev@company.com', 'Россия, г. Ульяновск, Космонавтов ул., д. 24 кв.218', 'Россия, г. Волжский, Озерная ул., д. 8 кв.81', '06074932773', '2070390458745'),
        ('Старков', 'Афанасий', 'Кириллович', 'Мужской', '1981-07-22', 'г. Салават', 4, 2,'3', '79099494526', 'starkov@company.com', 'Россия, г. Санкт-Петербург, Ленина В.И.ул., д. 13 кв.113', 'Россия, г. Тольятти, Октябрьская ул., д. 4 кв.205', '71988362091', '3803473783912'),
        ('Попырин', 'Роман', 'Никитович', 'Мужской', '1988-02-24', 'г. Иркутск', 4, 3, '3', '79993905153', 'popyrin@company.com', 'Россия, г. Раменское, Майская ул., д. 2 кв.65', 'Россия, г. Старый Оскол, Комсомольская ул., д. 10 кв.103', '82792460780', '9248200895907'),
        ('Бабченко', 'Георгий',	'Денисович', 'Мужской', '1980-03-24', 'г. Хабаровск', 4, 2, '3', '79841561595', 'babchenko@company.com', 'Россия, г. Красногорск, Якуба Коласа ул., д. 13 кв.87', 'Россия, г. Миасс, Социалистическая ул., д. 1 кв.136', '15514769848', '4435193060485'),
        ('Бруевич',	'Леонтий', 'Леонидович', 'Мужской', '1984-03-28', 'г. Ярославль', 4, 3, '3', '79672162945', 'bruevich@company.com', 'Россия, г. Тольятти, Железнодорожная ул., д. 11 кв.25', 'Россия, г. Смоленск, Почтовая ул., д. 4 кв.183', '84865996801', '7111740143620'),
        ('Оскорбина', 'Лидия', 'Семеновна', 'Женский', '1979-01-03', 'г. Владивосток', 4, 4, '3', '79703787295', 'oskorbin@company.com', 'Россия, г. Орск, Дружная ул., д. 7 кв.170', 'Россия, г. Керчь, Мирная ул., д. 5 кв.81', '66730372919', '2452828330119'),
        ('Проничев', 'Георгий', 'Степанович', 'Мужской', '1995-10-20', 'г. Махачкала', 4, 2, '3', '79684436999', 'pronichev@company.com', 'Россия, г. Домодедово, Зеленый пер., д. 5 кв.99', 'Россия, г. Нефтекамск, Речной пер., д. 16 кв.58', '79310399526', '8314880212419'),
        ('Былинкин', 'Максим', 'Наумович', 'Мужской', '1988-09-01', 'г. Оренбург', 4, 3, '3', '79579591744', 'bylinkin@company.com', 'Россия, г. Тюмень, Ленина В.И.ул., д. 19 кв.67', 'Россия, г. Таганрог, Полевая ул., д. 17 кв.194', '95999412492', '5806641668080'),
        ('Рыкова', 'Милана', 'Филипповна', 'Женский', '1981-09-12', 'г. Кемерово', 4, 2, '3', '79863573759', 'rykova@company.com', 'Россия, г. Армавир, Трудовая ул., д. 25 кв.157', 'Россия, г. Благовещенск, Школьная ул., д. 3 кв.211', '53382951534', '4904285930734'),
        ('Филипова', 'Алина', 'Захаровна','Женский', '1986-07-12', 'г. Новокузнецк', 4, 3, '3', '79208394674', 'filipova@company.com', 'Россия, г. Невинномысск, Калинина ул., д. 16 кв.83', 'Россия, г. Одинцово, Садовая ул., д. 16 кв.199', '23793883440', '3049437566022'),
        ('Голубев', 'Серафим', 'Аркадинович', 'Мужской', '1985-07-06', 'г. Набережные Челны', 4, 2, '3', '79132868783', 'golubev@company.com', 'Россия, г. Ижевск, Дружбы ул., д. 14 кв.77', 'Россия, г. Тверь, Восточная ул., д. 6 кв.119', '97122043571', '7968655328738'),
        ('Бабкина', 'Римма', 'Захаровна','Женский', '1989-10-12', 'г. Чебоксары', 4, 4, '3', '79703303338', 'babkina@company.com', 'Россия, г. Салават, Кирова ул., д. 1 кв.140', 'Россия, г. Санкт-Петербург, Ленина В.И.ул., д. 25 кв.157', '89794973665', '8720213388760'),
        ('Труш', 'Ксения', 'Афанасьевна','Женский', '1974-02-10', 'г. Калининград', 4, 3, '3', '79796773040', 'trush@company.com', 'Россия, г. Батайск, Колхозная ул., д. 17 кв.85', 'Россия, г. Каменск - Уральский, Ленина ул., д. 25 кв.5', '86019834881', '0311109975018'),
        ('Казакевич', 'Федор', 'Яковлевич', 'Мужской', '1982-01-14', 'г. Брянск', 4, 4, '3', '79367992981', 'kazakevich@company.com', 'Россия, г. Новый Уренгой, Солнечная ул., д. 11 кв.67', 'Россия, г. Невинномысск, Луговой пер., д. 8 кв.123', '44896722178', '9068643204708'),
        ('Ядыкин', 'Семен', 'Михаилович', 'Мужской', '1977-01-08', 'г. Курск', 4, 2, '3', '79175034535', 'yadykin@company.com', 'Россия, г. Керчь, Приозерная ул., д. 13 кв.180', 'Россия, г. Камышин, Центральная ул., д. 11 кв.215', '35845404620', '7637811608355'),
        ('Ядренкин', 'Прохор', 'Валентинович', 'Мужской', '1985-02-06', 'г. Иваново', 4, 3,'3', '79628462275', 'yadrenkin@company.com', 'Россия, г. Череповец, Комсомольская ул., д. 24 кв.196', 'Россия, г. Астрахань, Трудовая ул., д. 21 кв.165', '22107045052', '8139522191377'),
        ('Шишлова', 'Алина', 'Ефимовна','Женский', '1981-09-15', 'г. Муром', 4, 2, '3', '79802013990', 'shishlova@company.com', 'Россия, г. Мурманск, Приозерная ул., д. 11 кв.180', 'Россия, г. Невинномысск, Советская ул., д. 25 кв.61', '16832951050', '1707961632820'),
        ('Семенов', 'Семен', 'Валерьевич', 'Мужской', '1982-10-13', 'г. Магнитогорск', 4, 4, '3', '79179293188', 'semenov@company.com', 'Россия, г. Майкоп, Рабочая ул., д. 2 кв.201', 'Россия, г. Екатеринбург, Сосновая ул., д. 21 кв.203', '30781982018', '5951377369073'),
        ('Рудавин', 'Виктор', 'Феликсович', 'Мужской', '1982-02-16','г. Ковров', 4, 2, '3', '79695048457', 'rudavin@company.com', 'Россия, г. Норильск, Лесная ул., д. 25 кв.164', 'Россия, г. Электросталь, Парковая ул., д. 10 кв.152', '98060107578', '3754323622036'),
        ('Каткова', 'Надежда', 'Ефимовна','Женский', '1979-08-06', 'г. Выкса', 4, 3, '3', '79906247558', 'katkova@company.com', 'Россия, г. Химки, Первомайская ул., д. 12 кв.6', 'Россия, г. Сызрань, Шоссейная ул., д. 16 кв.132', '53502999802', '8385119026114'),
        ('Катькин', 'Афанасий', 'Иванович', 'Женский', '1980-04-17', 'г. Армавир', 4, 3, '3', '79363351874', 'katkin@company.com', 'Россия, г. Нефтеюганск, Победы ул., д. 20 кв.139', 'Россия, г. Южно-Сахалинск, Минская ул., д. 15 кв.142', '15981774341', '0595406763826'),
        ('Патрушев', 'Иван', 'Аркадинович', 'Мужской', '1984-12-01', 'г. Южно-Сахалинск', 4, 2, '3', '79356079725', 'patrushev@company.com', 'Россия, г. Рыбинск, Лесной пер., д. 6 кв.156', 'Россия, г. Пушкино, Молодежный пер., д. 23 кв.90', '75907609408', '9432375976810'),
        ('Яцунова', 'Пелагея', 'Георгьевна','Женский', '1989-03-27', 'г. Шахты', 4, 4, '3', '79409863489', 'yatsunova@company.com', 'Россия, г. Владивосток, Колхозный пер., д. 25 кв.152', 'Россия, г. Черкесск, Солнечная ул., д. 5 кв.185', '19362311071', '9779328543647'),
        ('Щуров', 'Филипп', 'Федорович', 'Мужской', '1992-05-02', 'г. Березники', 4, 2, '3', '79191102860', 'shchurov@company.com', 'Россия, г. Ставрополь, Солнечная ул., д. 11 кв.93', 'Россия, г. Якутск, Заводская ул., д. 12 кв.76', '31265094203', '0417420441423'),
        ('Бабанин', 'Артем', 'Филиппович', 'Мужской', '1995-10-05', 'г. Сергиев Посад', 4, 3, '3', '79579592711', 'babanin@company.com', 'Россия, г. Архангельск, Юбилейная ул., д. 23 кв.56', 'Россия, г. Севастополь, Садовая ул., д. 15 кв.143', '48045248936', '0199854388986');

INSERT INTO public.educations (user_id, title_of_institution, title_of_program, document_number, year_of_begin, year_of_end)
VALUES  (1, 'Казанский (Приволжский) федеральный университет', 'Математика', '9129755011871', '1995-01-01', '2000-01-01'),
        (2, 'ФГБОУ ВО «Астраханский государственный университет им. В. Н. Татищева»', 'Связи с общественностью', '1030180354933', '2011-01-01', '2015-01-01'),
        (3, 'Санкт-Петербургский государственный университет', 'Искусства и гуманитарные науки', '1636448185531', '1998-01-01', '2002-01-01'),
        (4, 'Южный федеральный университет', 'Экономика', '5508905899051', '2003-01-01', '2008-01-01'),
        (5, 'Национальный исследовательский Томский политехнический университет', 'Правовое обеспечение национальной безопасности', '6145525204054', '2008-01-01', '2014-01-01'),
        (6, 'Юго-Западный государственный университет', 'Строительство, эксплуатация, восстановление и техническое прикрытие автомобильных дорог, мостов и тоннелей', '6539348841482', '2008-01-01', '2003-01-01'),
        (7, 'Уральский федеральный университет имени Б.Н. Ельцина', 'Археология', '1681073163725', '2014-01-01', '2018-01-01'),
        (8, 'Оренбургский государственный университет', 'Строительство уникальных зданий и сооружений', '2593916202908', '2016-01-01', '2022-01-01'),
        (9, 'Санкт-Петербургский государственный университет промышленных технологий и дизайна', 'Информационно-аналитические системы безопасности', '4247583769505', '2001-01-01', '2007-01-01'),
        (10, 'Сибирский федеральный университет', 'Педагогическое образование', '9635972122649', '2017-01-01', '2023-01-01'),
        (11, 'Московский государственный институт международных отношений', 'Психология служебной деятельности', '6567412690243', '1995-01-01', '1999-01-01'),
        (12, 'Национальный исследовательский университет ''МИЭТ''', 'Безопасность информационных систем', '4958951230052', '2006-01-01', '2010-01-01'),
        (13, 'Тульский государственный университет', 'Управление персоналом»', '0146556785554', '2014-01-01', '2018-01-01'),
        (14, 'Новосибирский национальный исследовательский государственный университет','Ракетные комплексы и космонавтика', '9469372867194', '2016-01-01', '2020-01-01'),
        (15, 'Иркутский национальный исследовательский технический университет', 'Математика и компьютерные науки', '8174670998606', '2005-01-01', '2009-01-01'),
        (16, 'Пензенский государственный университет', 'Психолого-педагогическое образование', '3802979883823', '2013-01-01', '2017-01-01'),
        (17, 'Новосибирский государственный технический университет', 'Правоохранительная деятельность', '2962000636738', '2008-01-01', '2012-01-01'),
        (18, 'Санкт-Петербургский политехнический университет Петра Великого', 'Прикладная информатика', '9612019113494', '1991-01-01', '1995-01-01'),
        (19, 'Казанский национальный исследовательский технологический университет', 'Профессиональное обучение','6682630017883', '1999-01-01', '2003--01-01'),
        (20, 'Дальневосточный федеральный университет', 'Юриспруденция', '1078940826644', '2018-01-01', '2022-01-01'),
        (21, 'Белгородский государственный технологический университет имени В.Г. Шухова', 'Информационные системы и технологии', '2319785948971', '2003-01-01', '2007-01-01'),
        (22, 'Омский государственный технический университет', 'Баллистика и гидроаэродинамика', '4983223104662', '2015-01-01', '2019-01-01'),
        (23, 'Уральский федеральный университет имени Б.Н. Ельцина', 'Экономическая безопасность', '8298594045422', '2010-01-01', '2014-01-01'),
        (24, 'Иркутский национальный исследовательский технический университет', 'Правовое обеспечение национальной безопасности', '2192881281855', '2007-01-01', '2011-01-01'),
        (25, 'Московский государственный университет имени М.В. Ломоносова', 'Экономика', '3862790643348', '1990-01-01', '1994-01-01'),
        (26, 'Юго-Западный государственный университет', 'Строительство, эксплуатация, восстановление и техническое прикрытие автомобильных дорог, мостов и тоннелей', '6539348841482', '2008-01-01', '2003-01-01'),
        (27, 'Уральский федеральный университет имени Б.Н. Ельцина', 'Археология', '1681073163725', '2014-01-01', '2018-01-01'),
        (28, 'Оренбургский государственный университет', 'Строительство уникальных зданий и сооружений', '2593916202908', '2016-01-01', '2022-01-01'),
        (29, 'Санкт-Петербургский государственный университет промышленных технологий и дизайна', 'Информационно-аналитические системы безопасности', '4247583769505', '2001-01-01', '2007-01-01'),
        (31, 'Казанский (Приволжский) федеральный университет', 'Математика', '9129755011871', '1995-01-01', '2000-01-01'),
        (32, 'ФГБОУ ВО «Астраханский государственный университет им. В. Н. Татищева»', 'Связи с общественностью', '1030180354933', '2011-01-01', '2015-01-01'),
        (33, 'Санкт-Петербургский государственный университет', 'Искусства и гуманитарные науки', '1636448185531', '1998-01-01', '2002-01-01'),
        (34, 'Южный федеральный университет', 'Экономика', '5508905899051', '2003-01-01', '2008-01-01'),
        (35, 'Национальный исследовательский Томский политехнический университет', 'Правовое обеспечение национальной безопасности', '6145525204054', '2008-01-01', '2014-01-01'),
        (36, 'Юго-Западный государственный университет', 'Строительство, эксплуатация, восстановление и техническое прикрытие автомобильных дорог, мостов и тоннелей', '6539348841482', '2008-01-01', '2003-01-01'),
        (37, 'Уральский федеральный университет имени Б.Н. Ельцина', 'Археология', '1681073163725', '2014-01-01', '2018-01-01'),
        (38, 'Оренбургский государственный университет', 'Строительство уникальных зданий и сооружений', '2593916202908', '2016-01-01', '2022-01-01'),
        (39, 'Санкт-Петербургский государственный университет промышленных технологий и дизайна', 'Информационно-аналитические системы безопасности', '4247583769505', '2001-01-01', '2007-01-01'),
        (40, 'Сибирский федеральный университет', 'Педагогическое образование', '9635972122649', '2017-01-01', '2023-01-01'),
        (41, 'Московский государственный институт международных отношений', 'Психология служебной деятельности', '6567412690243', '1995-01-01', '1999-01-01'),
        (42, 'Национальный исследовательский университет ''МИЭТ''', 'Безопасность информационных систем', '4958951230052', '2006-01-01', '2010-01-01'),
        (43, 'Тульский государственный университет', 'Управление персоналом»', '0146556785554', '2014-01-01', '2018-01-01'),
        (44, 'Новосибирский национальный исследовательский государственный университет','Ракетные комплексы и космонавтика', '9469372867194', '2016-01-01', '2020-01-01'),
        (45, 'Иркутский национальный исследовательский технический университет', 'Математика и компьютерные науки', '8174670998606', '2005-01-01', '2009-01-01'),
        (46, 'Юго-Западный государственный университет', 'Строительство, эксплуатация, восстановление и техническое прикрытие автомобильных дорог, мостов и тоннелей', '6539348841482', '2008-01-01', '2003-01-01'),
        (47, 'Уральский федеральный университет имени Б.Н. Ельцина', 'Археология', '1681073163725', '2014-01-01', '2018-01-01'),
        (48, 'Оренбургский государственный университет', 'Строительство уникальных зданий и сооружений', '2593916202908', '2016-01-01', '2022-01-01'),
        (49, 'Санкт-Петербургский государственный университет промышленных технологий и дизайна', 'Информационно-аналитические системы безопасности', '4247583769505', '2001-01-01', '2007-01-01'),
        (50, 'Дальневосточный федеральный университет', 'Юриспруденция', '1078940826644', '2018-01-01', '2022-01-01'),
        (51, 'Казанский (Приволжский) федеральный университет', 'Математика', '9129755011871', '1995-01-01', '2000-01-01'),
        (52, 'ФГБОУ ВО «Астраханский государственный университет им. В. Н. Татищева»', 'Связи с общественностью', '1030180354933', '2011-01-01', '2015-01-01'),
        (53, 'Санкт-Петербургский государственный университет', 'Искусства и гуманитарные науки', '1636448185531', '1998-01-01', '2002-01-01'),
        (54, 'Южный федеральный университет', 'Экономика', '5508905899051', '2003-01-01', '2008-01-01'),
        (55, 'Национальный исследовательский Томский политехнический университет', 'Правовое обеспечение национальной безопасности', '6145525204054', '2008-01-01', '2014-01-01'),
        (56, 'Юго-Западный государственный университет', 'Строительство, эксплуатация, восстановление и техническое прикрытие автомобильных дорог, мостов и тоннелей', '6539348841482', '2008-01-01', '2003-01-01'),
        (57, 'Уральский федеральный университет имени Б.Н. Ельцина', 'Археология', '1681073163725', '2014-01-01', '2018-01-01'),
        (58, 'Оренбургский государственный университет', 'Строительство уникальных зданий и сооружений', '2593916202908', '2016-01-01', '2022-01-01'),
        (59, 'Санкт-Петербургский государственный университет промышленных технологий и дизайна', 'Информационно-аналитические системы безопасности', '4247583769505', '2001-01-01', '2007-01-01'),
        (60, 'Сибирский федеральный университет', 'Педагогическое образование', '9635972122649', '2017-01-01', '2023-01-01'),
        (61, 'Московский государственный институт международных отношений', 'Психология служебной деятельности', '6567412690243', '1995-01-01', '1999-01-01'),
        (62, 'Национальный исследовательский университет ''МИЭТ''', 'Безопасность информационных систем', '4958951230052', '2006-01-01', '2010-01-01'),
        (63, 'Тульский государственный университет', 'Управление персоналом»', '0146556785554', '2014-01-01', '2018-01-01'),
        (64, 'Новосибирский национальный исследовательский государственный университет','Ракетные комплексы и космонавтика', '9469372867194', '2016-01-01', '2020-01-01'),
        (65, 'Иркутский национальный исследовательский технический университет', 'Математика и компьютерные науки', '8174670998606', '2005-01-01', '2009-01-01'),
        (66, 'Пензенский государственный университет', 'Психолого-педагогическое образование', '3802979883823', '2013-01-01', '2017-01-01'),
        (67, 'Новосибирский государственный технический университет', 'Правоохранительная деятельность', '2962000636738', '2008-01-01', '2012-01-01'),
        (68, 'Санкт-Петербургский политехнический университет Петра Великого', 'Прикладная информатика', '9612019113494', '1991-01-01', '1995-01-01'),
        (69, 'Казанский национальный исследовательский технологический университет', 'Профессиональное обучение','6682630017883', '1999-01-01', '2003--01-01'),
        (70, 'Дальневосточный федеральный университет', 'Юриспруденция', '1078940826644', '2018-01-01', '2022-01-01');

-- hash for password (pa$$word_) are equal for everyone
INSERT INTO public.authorizations (user_id, password_hash, role_id)
VALUES  (1, '$2a$12$rrNnco5DWbaFxKMq457MouwkzL/R2XFoe1MrpoX9bN0ms09Zgk6ee', 1),
        (2, '$2a$12$rrNnco5DWbaFxKMq457MouwkzL/R2XFoe1MrpoX9bN0ms09Zgk6ee', 2),
        (3, '$2a$12$rrNnco5DWbaFxKMq457MouwkzL/R2XFoe1MrpoX9bN0ms09Zgk6ee', 3),
        (4, '$2a$12$rrNnco5DWbaFxKMq457MouwkzL/R2XFoe1MrpoX9bN0ms09Zgk6ee', 4),
        (5, '$2a$12$rrNnco5DWbaFxKMq457MouwkzL/R2XFoe1MrpoX9bN0ms09Zgk6ee', 4),
        (6, '$2a$12$rrNnco5DWbaFxKMq457MouwkzL/R2XFoe1MrpoX9bN0ms09Zgk6ee', 4),
        (7, '$2a$12$rrNnco5DWbaFxKMq457MouwkzL/R2XFoe1MrpoX9bN0ms09Zgk6ee', 2),
        (8, '$2a$12$rrNnco5DWbaFxKMq457MouwkzL/R2XFoe1MrpoX9bN0ms09Zgk6ee', 2),
        (9, '$2a$12$rrNnco5DWbaFxKMq457MouwkzL/R2XFoe1MrpoX9bN0ms09Zgk6ee', 3),
        (10, '$2a$12$rrNnco5DWbaFxKMq457MouwkzL/R2XFoe1MrpoX9bN0ms09Zgk6ee', 3),
        (11, '$2a$12$rrNnco5DWbaFxKMq457MouwkzL/R2XFoe1MrpoX9bN0ms09Zgk6ee', 4),
        (12, '$2a$12$rrNnco5DWbaFxKMq457MouwkzL/R2XFoe1MrpoX9bN0ms09Zgk6ee', 4),
        (13, '$2a$12$rrNnco5DWbaFxKMq457MouwkzL/R2XFoe1MrpoX9bN0ms09Zgk6ee', 4),
        (14, '$2a$12$rrNnco5DWbaFxKMq457MouwkzL/R2XFoe1MrpoX9bN0ms09Zgk6ee', 4),
        (15, '$2a$12$rrNnco5DWbaFxKMq457MouwkzL/R2XFoe1MrpoX9bN0ms09Zgk6ee', 4),
        (16, '$2a$12$rrNnco5DWbaFxKMq457MouwkzL/R2XFoe1MrpoX9bN0ms09Zgk6ee', 4),
        (17, '$2a$12$rrNnco5DWbaFxKMq457MouwkzL/R2XFoe1MrpoX9bN0ms09Zgk6ee', 4),
        (18, '$2a$12$rrNnco5DWbaFxKMq457MouwkzL/R2XFoe1MrpoX9bN0ms09Zgk6ee', 4),
        (19, '$2a$12$rrNnco5DWbaFxKMq457MouwkzL/R2XFoe1MrpoX9bN0ms09Zgk6ee', 4),
        (20, '$2a$12$rrNnco5DWbaFxKMq457MouwkzL/R2XFoe1MrpoX9bN0ms09Zgk6ee', 4),
        (21, '$2a$12$rrNnco5DWbaFxKMq457MouwkzL/R2XFoe1MrpoX9bN0ms09Zgk6ee', 4),
        (22, '$2a$12$rrNnco5DWbaFxKMq457MouwkzL/R2XFoe1MrpoX9bN0ms09Zgk6ee', 4),
        (23, '$2a$12$rrNnco5DWbaFxKMq457MouwkzL/R2XFoe1MrpoX9bN0ms09Zgk6ee', 4),
        (24, '$2a$12$rrNnco5DWbaFxKMq457MouwkzL/R2XFoe1MrpoX9bN0ms09Zgk6ee', 4),
        (25, '$2a$12$rrNnco5DWbaFxKMq457MouwkzL/R2XFoe1MrpoX9bN0ms09Zgk6ee', 4),
        (26, '$2a$12$rrNnco5DWbaFxKMq457MouwkzL/R2XFoe1MrpoX9bN0ms09Zgk6ee', 4),
        (27, '$2a$12$rrNnco5DWbaFxKMq457MouwkzL/R2XFoe1MrpoX9bN0ms09Zgk6ee', 4),
        (28, '$2a$12$rrNnco5DWbaFxKMq457MouwkzL/R2XFoe1MrpoX9bN0ms09Zgk6ee', 4),
        (29, '$2a$12$rrNnco5DWbaFxKMq457MouwkzL/R2XFoe1MrpoX9bN0ms09Zgk6ee', 4),
        (30, '$2a$12$rrNnco5DWbaFxKMq457MouwkzL/R2XFoe1MrpoX9bN0ms09Zgk6ee', 4),
        (31, '$2a$12$rrNnco5DWbaFxKMq457MouwkzL/R2XFoe1MrpoX9bN0ms09Zgk6ee', 4),
        (32, '$2a$12$rrNnco5DWbaFxKMq457MouwkzL/R2XFoe1MrpoX9bN0ms09Zgk6ee', 4),
        (33, '$2a$12$rrNnco5DWbaFxKMq457MouwkzL/R2XFoe1MrpoX9bN0ms09Zgk6ee', 4),
        (34, '$2a$12$rrNnco5DWbaFxKMq457MouwkzL/R2XFoe1MrpoX9bN0ms09Zgk6ee', 4),
        (35, '$2a$12$rrNnco5DWbaFxKMq457MouwkzL/R2XFoe1MrpoX9bN0ms09Zgk6ee', 4),
        (36, '$2a$12$rrNnco5DWbaFxKMq457MouwkzL/R2XFoe1MrpoX9bN0ms09Zgk6ee', 4),
        (37, '$2a$12$rrNnco5DWbaFxKMq457MouwkzL/R2XFoe1MrpoX9bN0ms09Zgk6ee', 4),
        (38, '$2a$12$rrNnco5DWbaFxKMq457MouwkzL/R2XFoe1MrpoX9bN0ms09Zgk6ee', 4),
        (39, '$2a$12$rrNnco5DWbaFxKMq457MouwkzL/R2XFoe1MrpoX9bN0ms09Zgk6ee', 4),
        (40, '$2a$12$rrNnco5DWbaFxKMq457MouwkzL/R2XFoe1MrpoX9bN0ms09Zgk6ee', 4),
        (41, '$2a$12$rrNnco5DWbaFxKMq457MouwkzL/R2XFoe1MrpoX9bN0ms09Zgk6ee', 4),
        (42, '$2a$12$rrNnco5DWbaFxKMq457MouwkzL/R2XFoe1MrpoX9bN0ms09Zgk6ee', 4),
        (43, '$2a$12$rrNnco5DWbaFxKMq457MouwkzL/R2XFoe1MrpoX9bN0ms09Zgk6ee', 4),
        (44, '$2a$12$rrNnco5DWbaFxKMq457MouwkzL/R2XFoe1MrpoX9bN0ms09Zgk6ee', 4),
        (45, '$2a$12$rrNnco5DWbaFxKMq457MouwkzL/R2XFoe1MrpoX9bN0ms09Zgk6ee', 4),
        (46, '$2a$12$rrNnco5DWbaFxKMq457MouwkzL/R2XFoe1MrpoX9bN0ms09Zgk6ee', 4),
        (47, '$2a$12$rrNnco5DWbaFxKMq457MouwkzL/R2XFoe1MrpoX9bN0ms09Zgk6ee', 4),
        (48, '$2a$12$rrNnco5DWbaFxKMq457MouwkzL/R2XFoe1MrpoX9bN0ms09Zgk6ee', 4),
        (49, '$2a$12$rrNnco5DWbaFxKMq457MouwkzL/R2XFoe1MrpoX9bN0ms09Zgk6ee', 4),
        (50, '$2a$12$rrNnco5DWbaFxKMq457MouwkzL/R2XFoe1MrpoX9bN0ms09Zgk6ee', 4),
        (51, '$2a$12$rrNnco5DWbaFxKMq457MouwkzL/R2XFoe1MrpoX9bN0ms09Zgk6ee', 4),
        (52, '$2a$12$rrNnco5DWbaFxKMq457MouwkzL/R2XFoe1MrpoX9bN0ms09Zgk6ee', 4),
        (53, '$2a$12$rrNnco5DWbaFxKMq457MouwkzL/R2XFoe1MrpoX9bN0ms09Zgk6ee', 4),
        (54, '$2a$12$rrNnco5DWbaFxKMq457MouwkzL/R2XFoe1MrpoX9bN0ms09Zgk6ee', 4),
        (55, '$2a$12$rrNnco5DWbaFxKMq457MouwkzL/R2XFoe1MrpoX9bN0ms09Zgk6ee', 4),
        (56, '$2a$12$rrNnco5DWbaFxKMq457MouwkzL/R2XFoe1MrpoX9bN0ms09Zgk6ee', 4),
        (57, '$2a$12$rrNnco5DWbaFxKMq457MouwkzL/R2XFoe1MrpoX9bN0ms09Zgk6ee', 4),
        (58, '$2a$12$rrNnco5DWbaFxKMq457MouwkzL/R2XFoe1MrpoX9bN0ms09Zgk6ee', 4),
        (59, '$2a$12$rrNnco5DWbaFxKMq457MouwkzL/R2XFoe1MrpoX9bN0ms09Zgk6ee', 4),
        (60, '$2a$12$rrNnco5DWbaFxKMq457MouwkzL/R2XFoe1MrpoX9bN0ms09Zgk6ee', 4),
        (61, '$2a$12$rrNnco5DWbaFxKMq457MouwkzL/R2XFoe1MrpoX9bN0ms09Zgk6ee', 4),
        (62, '$2a$12$rrNnco5DWbaFxKMq457MouwkzL/R2XFoe1MrpoX9bN0ms09Zgk6ee', 4),
        (63, '$2a$12$rrNnco5DWbaFxKMq457MouwkzL/R2XFoe1MrpoX9bN0ms09Zgk6ee', 4),
        (64, '$2a$12$rrNnco5DWbaFxKMq457MouwkzL/R2XFoe1MrpoX9bN0ms09Zgk6ee', 4),
        (65, '$2a$12$rrNnco5DWbaFxKMq457MouwkzL/R2XFoe1MrpoX9bN0ms09Zgk6ee', 4),
        (66, '$2a$12$rrNnco5DWbaFxKMq457MouwkzL/R2XFoe1MrpoX9bN0ms09Zgk6ee', 4),
        (67, '$2a$12$rrNnco5DWbaFxKMq457MouwkzL/R2XFoe1MrpoX9bN0ms09Zgk6ee', 4),
        (68, '$2a$12$rrNnco5DWbaFxKMq457MouwkzL/R2XFoe1MrpoX9bN0ms09Zgk6ee', 4),
        (69, '$2a$12$rrNnco5DWbaFxKMq457MouwkzL/R2XFoe1MrpoX9bN0ms09Zgk6ee', 4),
        (70, '$2a$12$rrNnco5DWbaFxKMq457MouwkzL/R2XFoe1MrpoX9bN0ms09Zgk6ee', 4);

-- Insert roles:
-- ptype = 'p'
-- v0 - 'sub' from policy_definition = role_id
-- v1 - 'obj' from policy_definition = REST resource (endpoint)
-- v2 - 'act' from policy_definition = available HTTP methods for this role
INSERT INTO public.policies (ptype, v0, v1, v2)
VALUES ('p', '4', '/users/{user_id}', 'GET'),
       ('p', '2', '/users', '*'),
       ('p', '2', '/users/*', '*'),
       ('p', '1', '/accounts', '*');

-- Insert users:
-- ptype = 'g'
-- v0 - user_id
-- v1- role_id
INSERT INTO public.policies (ptype, v0, v1)
VALUES ('g', '1', '1'),
       ('g', '2', '2'),
       ('g', '3', '3'),
       ('g', '4', '4'),
       ('g', '5', '4'),
       ('g', '6', '4'),
       ('g', '7', '2'),
       ('g', '8', '2'),
       ('g', '9', '3'),
       ('g', '10', '3'),
       ('g', '11', '4'),
       ('g', '12', '4'),
       ('g', '13', '4'),
       ('g', '14', '4'),
       ('g', '15', '4'),
       ('g', '16', '4'),
       ('g', '17', '4'),
       ('g', '18', '4'),
       ('g', '19', '4'),
       ('g', '20', '4'),
       ('g', '21', '4'),
       ('g', '22', '4'),
       ('g', '23', '4'),
       ('g', '24', '4'),
       ('g', '25', '4'),
       ('g', '26', '4'),
       ('g', '27', '4'),
       ('g', '28', '4'),
       ('g', '29', '4'),
       ('g', '30', '4'),
       ('g', '31', '4'),
       ('g', '32', '4'),
       ('g', '33', '4'),
       ('g', '34', '4'),
       ('g', '35', '4'),
       ('g', '36', '4'),
       ('g', '37', '4'),
       ('g', '38', '4'),
       ('g', '39', '4'),
       ('g', '40', '4'),
       ('g', '41', '4'),
       ('g', '42', '4'),
       ('g', '43', '4'),
       ('g', '44', '4'),
       ('g', '45', '4'),
       ('g', '46', '4'),
       ('g', '47', '4'),
       ('g', '48', '4'),
       ('g', '49', '4'),
       ('g', '50', '4'),
       ('g', '51', '4'),
       ('g', '52', '4'),
       ('g', '53', '4'),
       ('g', '54', '4'),
       ('g', '55', '4'),
       ('g', '56', '4'),
       ('g', '57', '4'),
       ('g', '58', '4'),
       ('g', '59', '4'),
       ('g', '60', '4'),
       ('g', '61', '4'),
       ('g', '62', '4'),
       ('g', '63', '4'),
       ('g', '64', '4'),
       ('g', '65', '4'),
       ('g', '66', '4'),
       ('g', '67', '4'),
       ('g', '68', '4'),
       ('g', '69', '4'),
       ('g', '70', '4');

INSERT INTO public.passports (user_id, number, issued_date, issued_by, type, citizenship)
VALUES (1, '4124294554', '2018-06-05', 'Отделением УФМС России по г. Новошахтинск', 'Внутренний', 'РФ'),
       (2, '4094539231', '2019-10-15', 'ОВД России по г. Димитровград', 'Заграничный', 'Израиль'),
       (3, '4374901790', '2020-02-23', 'ОВД России по г. Раменское', 'Внутренний', 'РФ'),
       (4, '4346877625', '2019-07-28', 'Отделением УФМС России по г. Иркутск','Заграничный', 'Израиль'),
       (5, '4994682897', '2015-03-24', 'Отделением УФМС России по г. Смоленск', 'Заграничный', 'Израиль'),
       (6, '4832989249', '2016-11-09', 'Управление внутренних дел по г. Черкесск','Внутренний', 'РФ'),
       (7, '4313468910', '2006-12-13', 'Отделением УФМС России по г. Каменск - Уральский', 'Внутренний', 'РФ'),
       (8, '4845417773', '2008-07-17', 'ОУФМС России по г. Благовещенск', 'Заграничный', 'Израиль'),
       (9, '4266406422', '2014-09-11', 'Управление внутренних дел по г. Старый Оскол', 'Заграничный', 'Израиль'),
       (10, '4429858865', '2009-08-14', 'Управление внутренних дел по г. Салават','Внутренний', 'РФ'),
       (11, '4995218418', '2015-06-25', 'ОВД России по г. Иваново', 'Внутренний', 'РФ'),
       (12, '4877510354', '2017-05-26', 'ОВД России по г. Таганрог', 'Заграничный', 'Израиль'),
       (13, '4424351340', '2020-08-16', 'Отделением УФМС России в г. Южно-Сахалинск', 'Заграничный', 'Израиль'),
       (14, '4130587770', '2023-05-24', 'Управление внутренних дел по г. Черкесск', 'Заграничный', 'Израиль'),
       (15, '4818503132', '2022-04-27', 'Управление внутренних дел по г. Серпухов', 'Внутренний', 'РФ'),
       (16, '4174210880', '2017-07-29', 'Отделом внутренних дел России по г. Сергиев Посад', 'Заграничный', 'Израиль'),
       (17, '4445105559', '2010-09-30', 'Отделением УФМС России по г. Сызрань', 'Внутренний', 'РФ'),
       (18, '4489244401', '2009-06-23', 'Отделом внутренних дел России по г. Петропавловск-Камчатский', 'Заграничный', 'Израиль'),
       (19, '4722802255', '2005-02-17', 'ОВД России по г. Волжский', 'Внутренний', 'РФ'),
       (20, '4636426893', '2017-09-22', 'Отделением УФМС России по г. Камышин', 'Внутренний', 'РФ'),
       (21, '4424351340', '2018-01-22', 'Отделением УФМС России в г. Новомосковск', 'Внутренний', 'РФ'),
       (22, '4026210847', '2023-11-27', 'Отделением УФМС России по г. Иркутск', 'Заграничный', 'Израиль'),
       (23, '4461223235', '2011-05-04', 'Отделением УФМС России в г. Екатеринбург', 'Внутренний', 'РФ'),
       (24, '4144930735', '2012-04-13', 'Отделом внутренних дел России по г. Электросталь','Заграничный', 'Израиль'),
       (25, '4860122849', '2013-07-25', 'Отделением УФМС России в г. Пушкино','Заграничный', 'Израиль'),
       (26, '4094539231', '2019-10-15', 'ОВД России по г. Димитровград','Внутренний', 'РФ'),
       (27, '4374901790', '2020-02-23', 'ОВД России по г. Раменское','Внутренний', 'РФ'),
       (28, '4346877625', '2019-07-28', 'Отделением УФМС России по г. Иркутск', 'Внутренний', 'РФ'),
       (29, '4994682897', '2015-03-24', 'Отделением УФМС России по г. Смоленск','Заграничный', 'Израиль'),
       (30, '4832989249', '2016-11-09', 'Управление внутренних дел по г. Черкесск', 'Заграничный', 'Израиль'),
       (31, '4124294554', '2018-06-05', 'Отделением УФМС России по г. Новошахтинск', 'Внутренний', 'РФ'),
       (32, '4313468910', '2006-12-13', 'Отделением УФМС России по г. Каменск - Уральский', 'Заграничный', 'Израиль'),
       (33, '4722802255', '2005-02-17', 'ОВД России по г. Волжский','Внутренний', 'РФ'),
       (34, '4636426893', '2017-09-22', 'Отделением УФМС России по г. Камышин','Внутренний', 'РФ'),
       (35, '4424351340', '2018-01-22', 'Отделением УФМС России в г. Новомосковск', 'Внутренний', 'РФ'),
       (36, '4026210847', '2023-11-27', 'Отделением УФМС России по г. Иркутск', 'Внутренний', 'РФ'),
       (37, '4461223235', '2011-05-04', 'Отделением УФМС России в г. Екатеринбург', 'Внутренний', 'РФ'),
       (38, '4144930735', '2012-04-13', 'Отделом внутренних дел России по г. Электросталь', 'Заграничный', 'Израиль'),
       (39, '4860122849', '2013-07-25', 'Отделением УФМС России в г. Пушкино', 'Внутренний', 'РФ'),
       (40, '4845417773', '2008-07-17', 'ОУФМС России по г. Благовещенск', 'Заграничный', 'Израиль'),
       (41, '4266406422', '2014-09-11', 'Управление внутренних дел по г. Старый Оскол', 'Внутренний', 'РФ'),
       (42, '4429858865', '2009-08-14', 'Управление внутренних дел по г. Салават','Внутренний', 'РФ'),
       (43, '4995218418', '2015-06-25', 'ОВД России по г. Иваново','Внутренний', 'РФ'),
       (44, '4877510354', '2017-05-26', 'ОВД России по г. Таганрог', 'Заграничный', 'Израиль'),
       (46, '4424351340', '2020-08-16', 'Отделением УФМС России в г. Южно-Сахалинск', 'Внутренний', 'РФ'),
       (45, '4130587770', '2023-05-24', 'Управление внутренних дел по г. Черкесск', 'Заграничный', 'Израиль'),
       (47, '4818503132', '2022-04-27', 'Управление внутренних дел по г. Серпухов','Внутренний', 'РФ'),
       (48, '4174210880', '2017-07-29', 'Отделом внутренних дел России по г. Сергиев Посад', 'Заграничный', 'Израиль'),
       (49, '4445105559', '2010-09-30', 'Отделением УФМС России по г. Сызрань', 'Внутренний', 'РФ'),
       (50, '4489244401', '2009-06-23', 'Отделом внутренних дел России по г. Петропавловск-Камчатский', 'Заграничный', 'Израиль'),
       (51, '4445105559', '2010-09-30', 'Отделением УФМС России по г. Сызрань', 'Внутренний', 'РФ'),
       (52, '4489244401', '2009-06-23', 'Отделом внутренних дел России по г. Петропавловск-Камчатский', 'Внутренний', 'РФ'),
       (53, '4722802255', '2005-02-17', 'ОВД России по г. Волжский', 'Заграничный', 'Израиль'),
       (54, '4636426893', '2017-09-22', 'Отделением УФМС России по г. Камышин', 'Внутренний', 'РФ'),
       (55, '4424351340', '2018-01-22', 'Отделением УФМС России в г. Новомосковск', 'Внутренний', 'РФ'),
       (56, '4374901790', '2020-02-23', 'ОВД России по г. Раменское','Внутренний', 'РФ'),
       (57, '4346877625', '2019-07-28', 'Отделением УФМС России по г. Иркутск', 'Заграничный', 'Израиль'),
       (58, '4994682897', '2015-03-24', 'Отделением УФМС России по г. Смоленск', 'Внутренний', 'РФ'),
       (59, '4832989249', '2016-11-09', 'Управление внутренних дел по г. Черкесск', 'Внутренний', 'РФ'),
       (60, '4026210847', '2023-11-27', 'Отделением УФМС России по г. Иркутск', 'Заграничный', 'Израиль'),
       (61, '4461223235', '2011-05-04', 'Отделением УФМС России в г. Екатеринбург', 'Внутренний', 'РФ'),
       (62, '4144930735', '2012-04-13', 'Отделом внутренних дел России по г. Электросталь', 'Внутренний', 'РФ'),
       (63, '4860122849', '2013-07-25', 'Отделением УФМС России в г. Пушкино', 'Внутренний', 'РФ'),
       (64, '4124294554', '2018-06-05', 'Отделением УФМС России по г. Новошахтинск', 'Заграничный', 'Израиль'),
       (65, '4094539231', '2019-10-15', 'ОВД России по г. Димитровград', 'Внутренний', 'РФ'),
       (66, '4313468910', '2006-12-13', 'Отделением УФМС России по г. Каменск - Уральский', 'Заграничный', 'Израиль'),
       (67, '4845417773', '2008-07-17', 'ОУФМС России по г. Благовещенск', 'Внутренний', 'РФ'),
       (68, '4266406422', '2014-09-11', 'Управление внутренних дел по г. Старый Оскол', 'Заграничный', 'Израиль'),
       (69, '4429858865', '2009-08-14', 'Управление внутренних дел по г. Салават', 'Заграничный', 'Израиль'),
       (70, '4995218418', '2015-06-25', 'ОВД России по г. Иваново', 'Внутренний', 'РФ');


INSERT INTO public.militaries (user_id, category_of_validity, title_of_commissariat, specialty, rank)
VALUES (1, 'B3', 'Военный комиссариат Южного района г. Казани', '100001', 'Капитан'),
       (2, 'A3', 'Военный комиссариат Паркового района г. Москвы', '100002', 'Лейтенант'),
       (3, 'A2', 'Военный комиссариат Южного района г. Казани', '100003', 'Полковник'),
       (4, 'A2', 'Военный комиссариат Речного района г. Самары', '100004', 'Майор'),
       (5, 'B1', 'Военный комиссариат Речного района г. Нижнего Новгорода', '100005', 'Подполковник'),
       (6, 'A1', 'Военный комиссариат Сельского района г. Челябинска', '100006', 'Рядовой'),
       (7, 'B1', 'Военный комиссариат Центрального района г. Самары', '100007', 'Лейтенант'),
       (8, 'B1', 'Военный комиссариат Западного района г. Челябинска', '100008', 'Рядовой'),
       (9, 'A1', 'Военный комиссариат Речного района г. Новосибирска', '100009', 'Полковник'),
       (10, 'B2', 'Военный комиссариат Южного района г. Екатеринбурга', '100010', 'Сержант'),
       (11, 'B3', 'Военный комиссариат Паркового района г. Самары', '100011', 'Майор'),
       (12, 'A3', 'Военный комиссариат Западного района г. Омска', '100012', 'Лейтенант'),
       (13, 'A3', 'Военный комиссариат Восточного района г. Казани', '100013', 'Лейтенант'),
       (14, 'A3', 'Военный комиссариат Центрального района г. Нижнего Новгорода', '100014', 'Капитан'),
       (15, 'A3', 'Военный комиссариат Северного района г. Новосибирска', '100015', 'Генерал'),
       (16, 'B3', 'Военный комиссариат Южного района г. Новосибирска', '100016', 'Полковник'),
       (17, 'B3', 'Военный комиссариат Сельского района г. Омска', '100017', 'Сержант'),
       (18, 'B1', 'Военный комиссариат Паркового района г. Новосибирска', '100018', 'Лейтенант'),
       (19, 'B2', 'Военный комиссариат Западного района г. Москвы', '100019', 'Капитан'),
       (20, 'B2', 'Военный комиссариат Речного района г. Самары', '100020', 'Полковник'),
       (21, 'B1', 'Военный комиссариат Западного района г. Самары', '100021', 'Рядовой'),
       (22, 'B1', 'Военный комиссариат Речного района г. Екатеринбурга', '100022', 'Капитан'),
       (23, 'B3', 'Военный комиссариат Южного района г. Новосибирска', '100023', 'Сержант'),
       (24, 'B3', 'Военный комиссариат Южного района г. Ростова-на-Дону', '100024', 'Лейтенант'),
       (25, 'A3', 'Военный комиссариат Северного района г. Новосибирска', '100015', 'Рядовой'),
       (26, 'B3', 'Военный комиссариат Южного района г. Новосибирска', '100016', 'Сержант'),
       (27, 'B3', 'Военный комиссариат Сельского района г. Омска', '100017', 'Рядовой'),
       (28, 'B1', 'Военный комиссариат Паркового района г. Новосибирска', '100018', 'Полковник'),
       (29, 'A1', 'Военный комиссариат Речного района г. Новосибирска', '100009', 'Сержант'),
       (30, 'B2', 'Военный комиссариат Южного района г. Екатеринбурга', '100010', 'Лейтенант'),
       (31, 'B3', 'Военный комиссариат Южного района г. Казани', '100001', 'Сержант'),
       (32, 'A3', 'Военный комиссариат Паркового района г. Москвы', '100002', 'Генерал'),
       (33, 'B3', 'Военный комиссариат Южного района г. Новосибирска', '100023', 'Полковник'),
       (34, 'B3', 'Военный комиссариат Южного района г. Ростова-на-Дону', '100024', 'Майор'),
       (35, 'B1', 'Военный комиссариат Речного района г. Нижнего Новгорода', '100005', 'Сержант'),
       (36, 'A1', 'Военный комиссариат Сельского района г. Челябинска', '100006', 'Полковник'),
       (37, 'B3', 'Военный комиссариат Сельского района г. Омска', '100017', 'Капитан'),
       (38, 'B1', 'Военный комиссариат Западного района г. Челябинска', '100008', 'Сержант'),
       (39, 'A1', 'Военный комиссариат Речного района г. Новосибирска', '100009', 'Лейтенант'),
       (40, 'A2', 'Военный комиссариат Речного района г. Самары', '100004', 'Сержант'),
       (41, 'A3', 'Военный комиссариат Северного района г. Новосибирска', '100015', 'Полковник'),
       (42, 'B1', 'Военный комиссариат Речного района г. Екатеринбурга', '100022', 'Сержант'),
       (43, 'B3', 'Военный комиссариат Южного района г. Новосибирска', '100023', 'Подполковник'),
       (44, 'B3', 'Военный комиссариат Южного района г. Ростова-на-Дону', '100024', 'Лейтенант'),
       (45, 'A3', 'Военный комиссариат Северного района г. Новосибирска', '100015', 'Сержант'),
       (46, 'B3', 'Военный комиссариат Южного района г. Новосибирска', '100016', 'Рядовой'),
       (47, 'B3', 'Военный комиссариат Сельского района г. Омска', '100017', 'Полковник'),
       (48, 'B1', 'Военный комиссариат Паркового района г. Новосибирска', '100018', 'Капитан'),
       (49, 'A1', 'Военный комиссариат Речного района г. Новосибирска', '100009', 'Майор'),
       (50, 'B2', 'Военный комиссариат Южного района г. Екатеринбурга', '100010', 'Рядовой'),
       (51, 'B3', 'Военный комиссариат Южного района г. Казани', '100001', 'Сержант'),
       (52, 'A3', 'Военный комиссариат Паркового района г. Москвы', '100002', 'Лейтенант'),
       (53, 'B3', 'Военный комиссариат Южного района г. Новосибирска', '100023', 'Подполковник'),
       (54, 'B3', 'Военный комиссариат Южного района г. Ростова-на-Дону', '100024', 'Полковник'),
       (55, 'A3', 'Военный комиссариат Северного района г. Новосибирска', '100015', 'Лейтенант'),
       (56, 'B3', 'Военный комиссариат Южного района г. Новосибирска', '100016', 'Рядовой'),
       (57, 'B3', 'Военный комиссариат Сельского района г. Омска', '100017', 'Подполковник'),
       (58, 'B1', 'Военный комиссариат Паркового района г. Новосибирска', '100018', 'Майор'),
       (59, 'A1', 'Военный комиссариат Речного района г. Новосибирска', '100009', 'Сержант'),
       (60, 'B2', 'Военный комиссариат Южного района г. Екатеринбурга', '100010', 'Полковник'),
       (61, 'B3', 'Военный комиссариат Южного района г. Казани', '100001', 'Майор'),
       (62, 'A3', 'Военный комиссариат Паркового района г. Москвы', '100002', 'Капитан'),
       (63, 'A2', 'Военный комиссариат Южного района г. Казани', '100003', 'Подполковник'),
       (64, 'B3', 'Военный комиссариат Южного района г. Ростова-на-Дону', '100024', 'Рядовой'),
       (65, 'A3', 'Военный комиссариат Северного района г. Новосибирска', '100015', 'Сержант'),
       (66, 'A1', 'Военный комиссариат Сельского района г. Челябинска', '100006', 'Генерал'),
       (67, 'B1', 'Военный комиссариат Центрального района г. Самары', '100007', 'Полковник'),
       (68, 'B1', 'Военный комиссариат Западного района г. Челябинска', '100008', 'Рядовой'),
       (69, 'A1', 'Военный комиссариат Речного района г. Новосибирска', '100009', 'Майор'),
       (70, 'B3', 'Военный комиссариат Сельского района г. Омска', '100017', 'Лейтенант');


INSERT INTO public.trainings (user_id, title_of_institution, title_of_program, cost, date_begin, date_end)
VALUES (1, 'Центр Карьерного Развития', 'Курс по разработке мобильных приложений', 11032500, '2023-09-23', '2024-03-12'),
       (2, 'Университет Непрерывного Образования', 'Управление проектами', 10501400, '2023-07-06', '2023-08-17'),
       (3, 'Институт Профессионального Обучения', 'Курс по разработке мобильных приложений', 17924500, '2023-02-10', '2023-05-04'),
       (4, 'Институт Профессионального Обучения', 'Маркетинг и реклама', 11059400, '2023-08-27', '2024-02-12'),
       (5, 'Образовательный центр "Прогресс"', 'Управление проектами', 10741300, '2023-06-14', '2023-11-20'),
       (6, 'Образовательный центр "Прогресс"', 'Профессиональный курс по графическому дизайну', 1179800, '2023-03-31', '2023-06-01'),
       (7, 'Образовательный центр "Прогресс"', 'Курс по разработке мобильных приложений', 13170000, '2023-03-07', '2023-07-19'),
       (8, 'Академия Наук и Технологий', 'Профессиональный курс по графическому дизайну', 19730700, '2023-11-21', '2024-01-25'),
       (9, 'Академия Наук и Технологий', 'Маркетинг и реклама', 16625000, '2023-02-21', '2023-07-12'),
       (10, 'Институт Профессионального Обучения', 'Управление проектами', 11418200, '2023-03-14', '2023-07-12'),
       (11, 'Образовательный центр "Прогресс"', 'Профессиональный курс по графическому дизайну', 16967500, '2023-06-19', '2023-11-16'),
       (12, 'Образовательный центр "Прогресс"', 'Курс по разработке мобильных приложений', 7662700, '2023-04-16', '2023-08-22'),
       (13, 'Институт Профессионального Обучения', 'Курс по разработке мобильных приложений', 5031200, '2023-05-22', '2023-07-09'),
       (14, 'Академия Наук и Технологий', 'Профессиональный курс по графическому дизайну', 19245600, '2023-10-21', '2023-12-16'),
       (15, 'Академия Наук и Технологий', 'Профессиональный курс по графическому дизайну', 19730700, '2023-11-21', '2024-01-25'),
       (16, 'Институт Профессионального Обучения', 'Управление проектами', 17847800, '2023-02-18', '2023-05-15'),
       (17, 'Институт Профессионального Обучения', 'Программирование на Python', 5136300, '2023-06-30', '2023-10-26'),
       (18, 'Центр Карьерного Развития', 'Маркетинг и реклама', 17878600, '2023-07-25', '2023-08-31'),
       (19, 'Образовательный центр "Прогресс"', 'Программирование на Python', 7072800, '2023-03-07', '2023-04-08'),
       (20, 'Институт Профессионального Обучения', 'Управление проектами', 18378700, '2023-02-25', '2023-05-01'),
       (21, 'Академия Наук и Технологий', 'Курс по разработке мобильных приложений', 16192200, '2023-09-08', '2024-01-05'),
       (22, 'Центр Карьерного Развития', 'Маркетинг и реклама', 10361700, '2023-12-06', '2024-05-31'),
       (23, 'Институт Профессионального Обучения', 'Курс по разработке мобильных приложений', 6977200, '2023-01-26', '2023-07-16'),
       (24, 'Институт Профессионального Обучения', 'Программирование на Python', 5321700, '2023-01-10', '2023-07-08'),
       (25, 'Университет Непрерывного Образования', 'Управление проектами', 8587000, '2023-06-16', '2023-09-27'),
       (26, 'Образовательный центр "Прогресс"', 'Профессиональный курс по графическому дизайну', 16967500, '2023-06-19', '2023-11-16'),
       (27, 'Образовательный центр "Прогресс"', 'Курс по разработке мобильных приложений', 7662700, '2023-04-16', '2023-08-22'),
       (28, 'Институт Профессионального Обучения', 'Курс по разработке мобильных приложений', 5031200, '2023-05-22', '2023-07-09'),
       (29, 'Академия Наук и Технологий', 'Маркетинг и реклама', 16625000, '2023-02-21', '2023-07-12'),
       (30, 'Институт Профессионального Обучения', 'Управление проектами', 11418200, '2023-03-14', '2023-07-12'),
       (31, 'Центр Карьерного Развития', 'Курс по разработке мобильных приложений', 11032500, '2023-09-23', '2024-03-12'),
       (32, 'Университет Непрерывного Образования', 'Управление проектами', 10501400, '2023-07-06', '2023-08-17'),
       (33, 'Институт Профессионального Обучения', 'Курс по разработке мобильных приложений', 5031200, '2023-05-22', '2023-07-09'),
       (34, 'Академия Наук и Технологий', 'Профессиональный курс по графическому дизайну', 19245600, '2023-10-21', '2023-12-16'),
       (35, 'Академия Наук и Технологий', 'Профессиональный курс по графическому дизайну', 19730700, '2023-11-21', '2024-01-25'),
       (36, 'Институт Профессионального Обучения', 'Управление проектами', 17847800, '2023-02-18', '2023-05-15'),
       (37, 'Институт Профессионального Обучения', 'Программирование на Python', 5136300, '2023-06-30', '2023-10-26'),
       (38, 'Академия Наук и Технологий', 'Профессиональный курс по графическому дизайну', 19730700, '2023-11-21', '2024-01-25'),
       (39, 'Академия Наук и Технологий', 'Маркетинг и реклама', 16625000, '2023-02-21', '2023-07-12'),
       (40, 'Институт Профессионального Обучения', 'Управление проектами', 11418200, '2023-03-14', '2023-07-12'),
       (41, 'Академия Наук и Технологий', 'Курс по разработке мобильных приложений', 16192200, '2023-09-08', '2024-01-05'),
       (42, 'Центр Карьерного Развития', 'Маркетинг и реклама', 10361700, '2023-12-06', '2024-05-31'),
       (43, 'Институт Профессионального Обучения', 'Курс по разработке мобильных приложений', 6977200, '2023-01-26', '2023-07-16'),
       (44, 'Институт Профессионального Обучения', 'Программирование на Python', 5321700, '2023-01-10', '2023-07-08'),
       (45, 'Академия Наук и Технологий', 'Профессиональный курс по графическому дизайну', 19730700, '2023-11-21', '2024-01-25'),
       (46, 'Институт Профессионального Обучения', 'Управление проектами', 17847800, '2023-02-18', '2023-05-15'),
       (47, 'Институт Профессионального Обучения', 'Программирование на Python', 5136300, '2023-06-30', '2023-10-26'),
       (48, 'Центр Карьерного Развития', 'Маркетинг и реклама', 17878600, '2023-07-25', '2023-08-31'),
       (49, 'Образовательный центр "Прогресс"', 'Программирование на Python', 7072800, '2023-03-07', '2023-04-08'),
       (50, 'Институт Профессионального Обучения', 'Управление проектами', 11418200, '2023-03-14', '2023-07-12'),
       (51, 'Образовательный центр "Прогресс"', 'Профессиональный курс по графическому дизайну', 16967500, '2023-06-19', '2023-11-16'),
       (52, 'Образовательный центр "Прогресс"', 'Курс по разработке мобильных приложений', 7662700, '2023-04-16', '2023-08-22'),
       (53, 'Институт Профессионального Обучения', 'Курс по разработке мобильных приложений', 5031200, '2023-05-22', '2023-07-09'),
       (54, 'Академия Наук и Технологий', 'Профессиональный курс по графическому дизайну', 19245600, '2023-10-21', '2023-12-16'),
       (55, 'Образовательный центр "Прогресс"', 'Управление проектами', 10741300, '2023-06-14', '2023-11-20'),
       (56, 'Образовательный центр "Прогресс"', 'Профессиональный курс по графическому дизайну', 11798200, '2023-03-31', '2023-06-01'),
       (57, 'Образовательный центр "Прогресс"', 'Курс по разработке мобильных приложений', 13170000, '2023-03-07', '2023-07-19'),
       (58, 'Академия Наук и Технологий', 'Профессиональный курс по графическому дизайну', 19730700, '2023-11-21', '2024-01-25'),
       (59, 'Академия Наук и Технологий', 'Маркетинг и реклама', 16625000, '2023-02-21', '2023-07-12'),
       (60, 'Институт Профессионального Обучения', 'Управление проектами', 18378700, '2023-02-25', '2023-05-01'),
       (61, 'Образовательный центр "Прогресс"', 'Профессиональный курс по графическому дизайну', 16967500, '2023-06-19', '2023-11-16'),
       (62, 'Образовательный центр "Прогресс"', 'Курс по разработке мобильных приложений', 7662700, '2023-04-16', '2023-08-22'),
       (63, 'Институт Профессионального Обучения', 'Курс по разработке мобильных приложений', 5031200, '2023-05-22', '2023-07-09'),
       (64, 'Академия Наук и Технологий', 'Профессиональный курс по графическому дизайну', 19245600, '2023-10-21', '2023-12-16'),
       (65, 'Академия Наук и Технологий', 'Маркетинг и реклама', 16625000, '2023-11-21', '2024-01-25'),
       (66, 'Институт Профессионального Обучения', 'Управление проектами', 17847800, '2023-02-18', '2023-05-15'),
       (67, 'Институт Профессионального Обучения', 'Программирование на Python', 5136300, '2023-06-30', '2023-10-26'),
       (68, 'Центр Карьерного Развития', 'Маркетинг и реклама', 17878600, '2023-07-25', '2023-08-31'),
       (69, 'Образовательный центр "Прогресс"', 'Программирование на Python', 7072800, '2023-03-07', '2023-04-08'),
       (70, 'Институт Профессионального Обучения', 'Управление проектами', 18378700, '2023-02-25', '2023-05-01');


INSERT INTO public.vacations (user_id, date_begin, date_end)
VALUES (1, '2023-02-16', '2023-02-27'),
       (2, '2023-06-22', '2023-07-10'),
       (3, '2023-02-10', '2023-02-22'),
       (4, '2023-03-04', '2023-03-13'),
       (5, '2023-01-24', '2023-02-15'),
       (6, '2023-05-11', '2023-05-25'),
       (7, '2023-08-19', '2023-08-24'),
       (8, '2023-04-07', '2023-04-14'),
       (9, '2023-05-28', '2023-06-20'),
       (10, '2023-03-09', '2023-03-25'),
       (11, '2023-09-27', '2023-10-18'),
       (12, '2023-12-06', '2023-12-13'),
       (13, '2023-04-05', '2023-04-28'),
       (14, '2023-11-01', '2023-11-21'),
       (15, '2023-12-14', '2023-12-22'),
       (16, '2023-04-30', '2023-05-08'),
       (17, '2023-09-02', '2023-10-01'),
       (18, '2023-05-16', '2023-05-29'),
       (19, '2023-03-27', '2023-04-26'),
       (20, '2023-04-30', '2023-05-22'),
       (21, '2023-06-15', '2023-06-29'),
       (22, '2023-06-30', '2023-07-30'),
       (23, '2023-04-21', '2023-05-13'),
       (24, '2023-10-06', '2023-10-31'),
       (25, '2023-10-20', '2023-10-30'),
       (26, '2023-09-27', '2023-10-18'),
       (27, '2023-12-06', '2023-12-13'),
       (28, '2023-04-05', '2023-04-28'),
       (29, '2023-10-06', '2023-10-31'),
       (30, '2023-10-20', '2023-10-30'),
       (31, '2023-02-16', '2023-02-27'),
       (32, '2023-06-22', '2023-07-10'),
       (33, '2023-02-10', '2023-02-22'),
       (34, '2023-04-05', '2023-04-28'),
       (35, '2023-11-01', '2023-11-21'),
       (36, '2023-05-11', '2023-05-25'),
       (37, '2023-08-19', '2023-08-24'),
       (38, '2023-04-07', '2023-04-14'),
       (39, '2023-05-28', '2023-06-20'),
       (40, '2023-04-30', '2023-05-22'),
       (41, '2023-02-16', '2023-02-27'),
       (42, '2023-06-22', '2023-07-10'),
       (43, '2023-02-10', '2023-02-22'),
       (44, '2023-03-04', '2023-03-13'),
       (45, '2023-01-24', '2023-02-15'),
       (46, '2023-05-11', '2023-05-25'),
       (47, '2023-09-02', '2023-10-01'),
       (48, '2023-05-16', '2023-05-29'),
       (49, '2023-03-27', '2023-04-26'),
       (50, '2023-04-30', '2023-05-22'),
       (51, '2023-02-16', '2023-02-27'),
       (52, '2023-06-30', '2023-07-30'),
       (53, '2023-04-05', '2023-04-28'),
       (54, '2023-11-01', '2023-11-21'),
       (55, '2023-12-14', '2023-12-22'),
       (56, '2023-05-11', '2023-05-25'),
       (57, '2023-08-19', '2023-08-24'),
       (58, '2023-04-07', '2023-04-14'),
       (59, '2023-05-28', '2023-06-20'),
       (60, '2023-03-09', '2023-03-25'),
       (61, '2023-09-27', '2023-10-18'),
       (62, '2023-12-06', '2023-12-13'),
       (63, '2023-04-05', '2023-04-28'),
       (64, '2023-11-01', '2023-11-21'),
       (65, '2023-10-20', '2023-10-30'),
       (66, '2023-09-27', '2023-10-18'),
       (67, '2023-12-06', '2023-12-13'),
       (68, '2023-04-05', '2023-04-28'),
       (69, '2023-10-06', '2023-10-31'),
       (70, '2023-10-20', '2023-10-30');


INSERT INTO public.benefits (title, cost)
VALUES ('Медицинская страховка', 559700),
       ('Оплачиваемый отпуск', 975700),
       ('Абонемент в спортзал', 137300),
       ('Компенсация за путешествия', 613100),
       ('Возможность работы из дома', 485900),
       ('Обучение и курсы', 422400),
       ('Корпоративные мероприятия', 815300),
       ('Дополнительные выходные', 741900),
       ('Корпоративный транспорт', 810500),
       ('Льготы на питание', 305500),
       ('Стипендия для обучения', 899500),
       ('Корпоративный фитнес', 989800),
       ('Бесплатный обед', 622500),
       ('Страхование жизни', 301800),
       ('Пенсионный план', 471900),
       ('Мобильная связь', 244100),
       ('Оплата проезда', 216800),
       ('Курсы иностранных языков', 260300),
       ('Корпоративная библиотека', 741600),
       ('Детский сад', 862400),
       ('Льготы для семьи', 984400),
       ('Субсидии на жилье', 853800),
       ('Страховка от несчастных случаев', 652700),
       ('Курс по саморазвитию', 745600),
       ('Стипендия для детей сотрудников', 597800),
       ('Корпоративный транспорт', 810500),
       ('Корпоративные мероприятия', 815300),
       ('Дополнительные выходные', 741900),
       ('Корпоративный транспорт', 810500),
       ('Льготы на питание', 305500),
       ('Стипендия для обучения', 899500),
       ('Корпоративный фитнес', 989800),
       ('Бесплатный обед', 622500),
       ('Компенсация за путешествия', 613100),
       ('Возможность работы из дома', 485900),
       ('Обучение и курсы', 422400),
       ('Оплата проезда', 216800),
       ('Корпоративный фитнес', 989800),
       ('Бесплатный обед', 622500),
       ('Страхование жизни', 301800),
       ('Льготы для семьи', 984400),
       ('Субсидии на жилье', 853800),
       ('Страхование жизни', 301800),
       ('Пенсионный план', 471900),
       ('Мобильная связь', 244100),
       ('Оплата проезда', 216800),
       ('Курсы иностранных языков', 260300),
       ('Корпоративная библиотека', 741600),
       ('Детский сад', 862400),
       ('Медицинская страховка', 559700),
       ('Оплачиваемый отпуск', 975700),
       ('Абонемент в спортзал', 137300),
       ('Компенсация за путешествия', 613100),
       ('Возможность работы из дома', 485900),
       ('Обучение и курсы', 422400),
       ('Льготы на питание', 305500),
       ('Стипендия для обучения', 899500),
       ('Корпоративный фитнес', 989800),
       ('Бесплатный обед', 622500),
       ('Детский сад', 862400),
       ('Льготы для семьи', 984400),
       ('Корпоративный фитнес', 989800),
       ('Бесплатный обед', 622500),
       ('Страхование жизни', 301800),
       ('Возможность работы из дома', 485900),
       ('Обучение и курсы', 422400),
       ('Корпоративные мероприятия', 815300),
       ('Дополнительные выходные', 741900),
       ('Корпоративный транспорт', 810500),
       ('Пенсионный план', 471900);

INSERT INTO public.benefit_uses (user_id, benefit_id, date_begin, date_end)
VALUES (1, 1, '2023-05-22', '2023-05-29'),
       (2, 2, '2023-11-11', '2023-12-09'),
       (3, 3, '2023-05-02', '2023-05-30'),
       (4, 4, '2023-02-05', '2023-02-27'),
       (5, 5, '2023-02-15', '2023-03-01'),
       (6, 6, '2023-01-11', '2023-01-19'),
       (7, 7, '2023-03-08', '2023-03-31'),
       (8, 8, '2023-06-09', '2023-07-07'),
       (9, 9, '2023-10-14', '2023-11-12'),
       (10, 10, '2023-06-23', '2023-07-21'),
       (11, 11, '2023-12-10', '2023-12-30'),
       (12, 12, '2023-04-13', '2023-05-02'),
       (13, 13, '2023-08-11', '2023-08-28'),
       (14, 14, '2023-02-25', '2023-03-22'),
       (15, 15, '2023-10-31', '2023-11-19'),
       (16, 16, '2023-07-29', '2023-08-16'),
       (17, 17, '2023-06-27', '2023-07-25'),
       (18, 18, '2023-08-05', '2023-08-23'),
       (19, 19, '2023-06-12', '2023-07-11'),
       (20, 20, '2023-04-27', '2023-05-27'),
       (21, 21, '2023-02-13', '2023-03-09'),
       (22, 22, '2023-12-22', '2024-01-13'),
       (23, 23, '2023-08-08', '2023-08-26'),
       (24, 24, '2023-11-12', '2023-11-25'),
       (25, 25, '2023-05-17', '2023-06-02'),
       (26, 26, '2023-06-23', '2023-07-21'),
       (27, 27, '2023-10-31', '2023-11-19'),
       (28, 28, '2023-07-29', '2023-08-16'),
       (29, 29, '2023-06-27', '2023-07-25'),
       (30, 30, '2023-08-05', '2023-08-23'),
       (31, 31, '2023-06-12', '2023-07-11'),
       (32, 32, '2023-11-11', '2023-12-09'),
       (33, 33, '2023-05-02', '2023-05-30'),
       (34, 34, '2023-02-05', '2023-02-27'),
       (35, 35, '2023-02-15', '2023-03-01'),
       (36, 36, '2023-12-10', '2023-12-30'),
       (37, 37, '2023-04-13', '2023-05-02'),
       (38, 38, '2023-06-09', '2023-07-07'),
       (39, 39, '2023-10-14', '2023-11-12'),
       (40, 40, '2023-04-27', '2023-05-27'),
       (42, 42, '2023-02-13', '2023-03-09'),
       (43, 43, '2023-10-31', '2023-11-19'),
       (44, 44, '2023-02-25', '2023-03-22'),
       (45, 45, '2023-07-29', '2023-08-16'),
       (46, 46, '2023-06-27', '2023-07-25'),
       (47, 47, '2023-06-27', '2023-07-25'),
       (48, 48, '2023-03-08', '2023-03-31'),
       (49, 49, '2023-06-09', '2023-07-07'),
       (50, 50, '2023-10-14', '2023-11-12'),
       (51, 51, '2023-04-27', '2023-05-27'),
       (52, 52, '2023-11-11', '2023-12-09'),
       (53, 53, '2023-05-02', '2023-05-30'),
       (54, 54, '2023-11-12', '2023-11-25'),
       (55, 55, '2023-05-17', '2023-06-02'),
       (56, 56, '2023-01-11', '2023-01-19'),
       (57, 57, '2023-03-08', '2023-03-31'),
       (58, 58, '2023-06-09', '2023-07-07'),
       (59, 59, '2023-06-12', '2023-07-11'),
       (60, 60, '2023-04-27', '2023-05-27'),
       (61, 61, '2023-02-13', '2023-03-09'),
       (62, 62, '2023-12-22', '2024-01-13'),
       (63, 63, '2023-05-02', '2023-05-30'),
       (64, 64, '2023-02-05', '2023-02-27'),
       (65, 65, '2023-02-15', '2023-03-01'),
       (66, 66, '2023-12-10', '2023-12-30'),
       (67, 67, '2023-04-13', '2023-05-02'),
       (68, 68, '2023-06-09', '2023-07-07'),
       (69, 69, '2023-10-14', '2023-11-12'),
       (70, 70, '2023-04-27', '2023-05-27');

INSERT INTO public.work_types (title, description)
VALUES ('Основное место', 'Работа, которая является главным источником дохода и занимает большую часть рабочего времени человека. Обычно подразумевает полную занятость.'),
       ('Совместительство', 'Дополнительная работа, выполняемая помимо основной. Совместители обычно работают на неполный рабочий день и могут иметь несколько работодателей.'),
       ('Временная работа', ' Работа на короткий срок или проектная работа. Этот тип работы часто связан с выполнением определённой задачи или работы в течение определённого времени.'),
       ('Сезонная работа', 'Работа, доступная только в определённое время года, например, в сельскохозяйственный сезон или туристический сезон.'),
       ('Работа на дому', 'Работа, которую можно выполнять из дома. Этот тип работы набирает популярность благодаря интернету и технологиям удаленного доступа.'),
       ('Государственная служба', 'Работа в государственных учреждениях или организациях. Обычно включает в себя работы, связанные с управлением, обеспечением государственных услуг и поддержкой государственной инфраструктуры.'),
       ('Дистанционный формат', 'Работа, которая выполняется удалённо, не требующая присутствия в офисе. Дистанционная работа может включать различные виды деятельности и часто требует хорошего интернет-соединения.'),
       ('Фриланс', 'Самостоятельная работа на договорной основе для разных клиентов, часто удалённо. Фрилансеры обычно предоставляют специализированные услуги, такие как написание текстов, дизайн, программирование.'),
       ('Стажировка', 'Краткосрочная работа, предлагающая профессиональный опыт, часто для студентов или выпускников.');


INSERT INTO public.contracts (user_id, number, contract_type, work_type_id, probation_period, date_begin, date_end)
VALUES (1, 'CT-4579-567', 'Срочный', 1, 6, '2023-11-02', '2024-11-25'),
       (2, 'CT-1823-194', 'Бессрочный', 2, NULL, '2023-05-12', 'Израиль'),
       (3, 'CT-8883-354', 'Бессрочный', 3, 3, '2023-12-31', 'Израиль'),
       (4, 'CT-5637-451', 'Бессрочный', 4, 12, '2023-05-13', 'Израиль'),
       (5, 'CT-3287-328', 'Срочный', 5, 6, '2023-12-31', '2025-02-13'),
       (6, 'CT-3393-108', 'Срочный', 6, 12, '2023-07-27', '2025-06-18'),
       (7, 'CT-7239-222', 'Срочный', 7, 6, '2023-08-18', '2024-03-09'),
       (8, 'CT-4741-317', 'Срочный', 8, 3, '2023-11-17', '2024-11-05'),
       (9, 'CT-9578-274', 'Срочный', 9, NULL, '2023-06-01', '2024-05-21'),
       (10, 'CT-1872-543', 'Бессрочный', 6, NULL, '2023-12-11', 'Израиль'),
       (11, 'CT-3132-735', 'Срочный', 2, NULL, '2023-02-27', '2024-08-07'),
       (12, 'CT-2644-998', 'Срочный', 3, 6, '2023-03-21', '2024-09-13'),
       (13, 'CT-6732-412', 'Бессрочный', 6, 12, '2023-05-10', 'Израиль'),
       (14, 'CT-8124-827', 'Срочный', 4, 3, '2023-06-30', '2025-01-24'),
       (15, 'CT-4365-718', 'Бессрочный', 7, NULL, '2023-04-07', 'Израиль'),
       (16, 'CT-9463-654', 'Срочный', 9, NULL, '2023-09-02', '2024-02-26'),
       (17, 'CT-6385-786', 'Срочный', 8, NULL, '2023-01-14', '2024-06-28'),
       (18, 'CT-9753-464', 'Срочный', 5, 6, '2023-10-16', '2024-04-11'),
       (19, 'CT-3724-953', 'Бессрочный', 9, NULL, '2023-03-28', 'Израиль'),
       (20, 'CT-1847-377', 'Бессрочный', 3, 12, '2023-04-15', 'Израиль'),
       (21, 'CT-9264-239', 'Срочный', 2, 3, '2023-07-23', '2024-07-18'),
       (22, 'CT-1934-577', 'Срочный', 4, NULL, '2023-02-15', '2024-08-09'),
       (23, 'CT-2395-463', 'Бессрочный', 7, NULL, '2023-01-11', 'Израиль'),
       (24, 'CT-8252-512', 'Бессрочный', 5, NULL, '2023-09-15', 'Израиль'),
       (25, 'CT-6742-844', 'Бессрочный', 8, 6, '2023-08-29', 'Израиль'),
       (26, 'CT-9578-274', 'Срочный', 6, NULL, '2023-06-01', '2024-05-21'),
       (27, 'CT-9463-654', 'Срочный', 2, NULL, '2023-09-02', '2024-02-26'),
       (28, 'CT-6385-786', 'Срочный', 7, NULL, '2023-01-14', '2024-06-28'),
       (29, 'CT-9753-464', 'Срочный', 1, 6, '2023-10-16', '2024-04-11'),
       (30, 'CT-3724-953', 'Бессрочный', 1, NULL, '2023-03-28', 'Израиль'),
       (31, 'CT-1847-377', 'Бессрочный', 2, 12, '2023-04-15', 'Израиль'),
       (32, 'CT-9264-239', 'Срочный', 4, 3, '2023-07-23', '2024-07-18'),
       (33, 'CT-8883-354', 'Бессрочный', 3, 3, '2023-12-31', 'Израиль'),
       (34, 'CT-5637-451', 'Бессрочный', 5, 12, '2023-05-13', 'Израиль'),
       (35, 'CT-3287-328', 'Срочный', 1, 6, '2023-12-31', '2025-02-13'),
       (36, 'CT-3393-108', 'Срочный', 6, 12, '2023-07-27', '2025-06-18'),
       (37, 'CT-6385-786', 'Срочный', 7, NULL, '2023-01-14', '2024-06-28'),
       (38, 'CT-9753-464', 'Срочный', 9, 6, '2023-10-16', '2024-04-11'),
       (39, 'CT-3724-953', 'Бессрочный', 8, NULL, '2023-03-28', 'Израиль'),
       (40, 'CT-1823-194', 'Бессрочный', 3, NULL, '2023-05-12', 'Израиль'),
       (41, 'CT-4579-567', 'Срочный', 5, 6, '2023-11-02', '2024-11-25'),
       (42, 'CT-1934-577', 'Срочный', 9, NULL, '2023-02-15', '2024-08-09'),
       (43, 'CT-2395-463', 'Бессрочный', 4, NULL, '2023-01-11', 'Израиль'),
       (44, 'CT-8252-512', 'Бессрочный', 2, NULL, '2023-09-15', 'Израиль'),
       (45, 'CT-6742-844', 'Бессрочный', 7, 6, '2023-08-29', 'Израиль'),
       (46, 'CT-9463-654', 'Срочный', 3, NULL, '2023-09-02', '2024-02-26'),
       (47, 'CT-6385-786', 'Срочный', 5, NULL, '2023-01-14', '2024-06-28'),
       (48, 'CT-9753-464', 'Срочный', 4, 6, '2023-10-16', '2024-04-11'),
       (49, 'CT-3724-953', 'Бессрочный', 6, NULL, '2023-03-28', 'Израиль'),
       (50, 'CT-1847-377', 'Бессрочный', 7, 12, '2023-04-15', 'Израиль'),
       (51, 'CT-1847-377', 'Бессрочный', 2, 12, '2023-04-15', 'Израиль'),
       (52, 'CT-9264-239', 'Срочный', 4, 3, '2023-07-23', '2024-07-18'),
       (53, 'CT-8883-354', 'Бессрочный', 3, 3, '2023-12-31', 'Израиль'),
       (54, 'CT-5637-451', 'Бессрочный', 1, 12, '2023-05-13', 'Израиль'),
       (55, 'CT-3287-328', 'Срочный', 3, 6, '2023-12-31', '2025-02-13'),
       (56, 'CT-9578-274', 'Срочный', 5, NULL, '2023-06-01', '2024-05-21'),
       (57, 'CT-9463-654', 'Срочный', 3, NULL, '2023-09-02', '2024-02-26'),
       (58, 'CT-6385-786', 'Срочный', 7, NULL, '2023-01-14', '2024-06-28'),
       (59, 'CT-9753-464', 'Срочный', 8, 6, '2023-10-16', '2024-04-11'),
       (60, 'CT-3724-953', 'Бессрочный', 9, NULL, '2023-03-28', 'Израиль'),
       (61, 'CT-1872-543', 'Бессрочный', 3, NULL, '2023-12-11', 'Израиль'),
       (62, 'CT-3132-735', 'Срочный', 5, NULL, '2023-02-27', '2024-08-07'),
       (63, 'CT-6732-412', 'Бессрочный', 2, 12, '2023-05-10', 'Израиль'),
       (64, 'CT-8252-512', 'Бессрочный', 7, NULL, '2023-09-15', 'Израиль'),
       (65, 'CT-6742-844', 'Бессрочный', 4, 6, '2023-08-29', 'Израиль'),
       (66, 'CT-3393-108', 'Срочный', 6, 12, '2023-07-27', '2025-06-18'),
       (67, 'CT-6385-786', 'Срочный', 2, NULL, '2023-01-14', '2024-06-28'),
       (68, 'CT-9753-464', 'Срочный', 4, 6, '2023-10-16', '2024-04-11'),
       (69, 'CT-9578-274', 'Срочный', 7, NULL, '2023-06-01', '2024-05-21'),
       (70, 'CT-1872-543', 'Бессрочный', 1, NULL, '2023-12-11', NULL);

INSERT INTO public.finances (user_id, contract_id, salary, salary_rate, social_security_tax, income_tax)
VALUES (1, 1, 13217900, 1.0347, 1718327, 2643580),
       (2, 2, 7697600, 0.9090, 1000688, 1539520),
       (3, 3, 19841300, 1.4244, 2579369, 3968260),
       (4, 4, 12186200, 0.8584, 1584206, 2437200),
       (5, 5, 19644000, 0.5556, 2553720, 3928800),
       (6, 6, 19754500, 1.0009, 2568085, 3950900),
       (7, 7, 5966100, 1.0501, 775593, 1193220),
       (8, 8, 19379200, 1.0000, 2521296, 3875840),
       (9, 9, 14236700, 0.7138, 1850771, 2847340),
       (10, 10, 11175900, 0.7020, 1452867, 2235180),
       (11, 11, 11428600, 1.2496, 1485718, 2285720),
       (12, 12, 16741300, 0.7469, 2176369, 3348260),
       (13, 13, 11342600, 1.3267, 1474538, 2268520),
       (14, 14, 9246200, 0.8543, 1202006, 1849240),
       (15, 25, 12306500, 1.1034, 1599845, 2461300),
       (16, 16, 16853500, 0.9594, 2190955, 3370700),
       (17, 17, 16174200, 1.0217, 2102646, 3234840),
       (18, 18, 14367800, 1.1367, 1867814, 2873560),
       (19, 19, 9820600, 1.4047, 1276678, 1964120),
       (20, 20, 15680900, 0.5023, 2038517, 3136180),
       (21, 21, 13786900, 0.6473, 1792297, 2757380),
       (22, 22, 15458700, 1.2784, 2009631, 3091740),
       (23, 23, 11921700, 1.1235, 1549821, 2384340),
       (24, 24, 16972300, 1.0556, 2206399, 3394460),
       (25, 25, 10197200, 1.0903, 1325636, 2039440),
       (26, 26, 16853500, 0.9594, 2190955, 3370700),
       (27, 27, 16174200, 1.0217, 2102646, 3234840),
       (28, 28, 19379200, 1.0000, 2521296, 3875840),
       (29, 29, 14236700, 0.7138, 1850771, 2847340),
       (30, 30, 19841300, 1.4244, 2579369, 3968260),
       (31, 31, 13217900, 1.0347, 1718327, 2643580),
       (32, 32, 16741300, 0.7469, 2176369, 3348260),
       (33, 33, 11342600, 1.3267, 1474538, 2268520),
       (34, 34, 12186200, 0.8584, 1584206, 2437240),
       (35, 35, 12306500, 1.1034, 1599845, 2461300),
       (36, 36, 16853500, 0.9594, 2190955, 3370700),
       (37, 37, 16174200, 1.0217, 2102646, 3234840),
       (38, 38, 19379200, 1.0000, 2521296, 3875840),
       (39, 39, 14236700, 0.7138, 1850771, 2847340),
       (40, 40, 16972300, 1.0556, 2206399, 3394460),
       (41, 41, 13217900, 1.0347, 1718327, 2643580),
       (42, 42, 7697600, 0.9090, 1000688, 1539520),
       (43, 43, 19841300, 1.4244, 2579369, 3968260),
       (44, 44, 12186200, 0.8584, 1584206, 2437240),
       (45, 45, 10197200, 1.0903, 1325636, 2039440),
       (46, 46, 16853500, 0.9594, 2190955, 3370700),
       (47, 47, 16174200, 1.0217, 2102646, 3234840),
       (48, 48, 14367800, 1.1367, 1867814, 2873560),
       (49, 49, 9820600, 1.4047, 1276678, 1964120),
       (50, 50, 19644000, 0.5556, 2553720, 3928800),
       (51, 51, 13217900, 1.0347, 1718327, 2643580),
       (52, 52, 16741300, 0.7469, 2176369, 3348260),
       (53, 53, 11342600, 1.3267, 1474538, 2268520),
       (54, 54, 12186200, 0.8584, 1584206, 2437240),
       (55, 55, 10197200, 1.0903, 1325636, 2039440),
       (56, 56, 19754500, 1.0009, 2568085, 3950900),
       (57, 57, 5966100, 1.0501, 775593, 1193220),
       (58, 58, 19379200, 1.0000, 2521296, 3875840),
       (59, 59, 14236700, 0.7138, 1850771, 2847340),
       (60, 60, 12306500, 1.1034, 1599845, 2461300),
       (61, 61, 13217900, 1.0347, 1718327, 2643580),
       (62, 62, 16741300, 0.7469, 2176369, 3348260),
       (63, 63, 11342600, 1.3267, 1474538, 2268520),
       (64, 64, 9246200, 0.8543, 1202006, 1849240),
       (65, 65, 10197200, 1.0903, 1325636, 2039440),
       (66, 66, 16853500, 0.9594, 2190955, 3370700),
       (67, 67, 16174200, 1.0217, 2102646, 3234840),
       (68, 68, 19379200, 1.0000, 2521296, 3875840),
       (69, 69, 14236700, 0.7138, 1850771, 2847340),
       (70, 70, 15680900, 0.5023, 2038517, 3136180);


INSERT INTO public.indexations (user_id, date_begin, percents, currency, salary_before)
VALUES (1, '2023-01-01', 5, 1, 120000),
       (2, '2023-02-01', 7, 1, 130000),
       (3, '2023-03-01', 6, 1, 125000),
       (4, '2023-04-01', 4, 1, 115000),
       (5, '2023-05-01', 8, 1, 135000),
       (6, '2023-06-01', 5, 1, 122000),
       (7, '2023-07-01', 7, 1, 128000),
       (8, '2023-08-01', 6, 1, 126000),
       (9, '2023-09-01', 5, 1, 121000),
       (10, '2023-10-01', 4, 1, 114000),
       (11, '2023-11-01', 8, 1, 136000),
       (12, '2023-12-01', 7, 1, 129000),
       (13, '2024-01-01', 6, 1, 127000),
       (14, '2024-02-01', 5, 1, 123000),
       (15, '2024-03-01', 9, 1, 138000),
       (16, '2024-04-01', 8, 1, 135000),
       (17, '2024-05-01', 6, 1, 126000),
       (18, '2024-06-01', 7, 1, 128000),
       (19, '2024-07-01', 5, 1, 121000),
       (20, '2024-08-01', 4, 1, 118000),
       (21, '2024-09-01', 9, 1, 139000),
       (22, '2024-10-01', 8, 1, 136000),
       (23, '2024-11-01', 6, 1, 124000),
       (24, '2023-10-01', 7, 1, 128000),
       (25, '2024-07-01', 3, 1, 138000),
       (26, '2023-11-01', 8, 1, 136000),
       (27, '2024-05-01', 6, 1, 126000),
       (28, '2023-08-01', 6, 1, 126000),
       (29, '2024-07-01', 5, 1, 121000),
       (30, '2023-03-01', 6, 1, 125000),
       (31, '2023-11-01', 8, 1, 136000),
       (32, '2023-12-01', 7, 1, 129000),
       (33, '2024-11-01', 6, 1, 124000),
       (34, '2023-06-01', 5, 1, 122000),
       (35, '2023-07-01', 7, 1, 128000),
       (36, '2024-04-01', 8, 1, 135000),
       (37, '2024-05-01', 6, 1, 126000),
       (38, '2023-08-01', 6, 1, 126000),
       (39, '2023-09-01', 5, 1, 121000),
       (40, '2024-02-01', 5, 1, 123000),
       (41, '2024-09-01', 9, 1, 139000),
       (42, '2024-10-01', 8, 1, 136000),
       (43, '2024-01-01', 6, 1, 127000),
       (44, '2024-02-01', 5, 1, 123000),
       (45, '2024-03-01', 9, 1, 138000),
       (46, '2023-06-01', 5, 1, 122000),
       (47, '2023-07-01', 7, 1, 128000),
       (48, '2024-06-01', 7, 1, 128000),
       (49, '2024-07-01', 5, 1, 121000),
       (50, '2024-03-01', 9, 1, 138000),
       (51, '2024-07-01', 3, 1, 138000),
       (52, '2023-12-01', 7, 1, 129000),
       (53, '2024-11-01', 6, 1, 124000),
       (54, '2023-06-01', 5, 1, 122000),
       (56, '2023-06-01', 5, 1, 122000),
       (57, '2023-07-01', 7, 1, 128000),
       (58, '2023-08-01', 6, 1, 126000),
       (59, '2024-07-01', 5, 1, 121000),
       (60, '2023-03-01', 6, 1, 125000),
       (61, '2024-09-01', 9, 1, 139000),
       (62, '2024-10-01', 8, 1, 136000),
       (63, '2024-11-01', 6, 1, 124000),
       (64, '2023-10-01', 7, 1, 128000),
       (65, '2024-03-01', 9, 1, 138000),
       (66, '2024-04-01', 8, 1, 135000),
       (67, '2023-07-01', 7, 1, 128000),
       (68, '2023-08-01', 6, 1, 126000),
       (69, '2023-09-01', 5, 1, 121000),
       (70, '2024-02-01', 5, 1, 123000);


INSERT INTO public.experiences (user_id, company_name, date_begin, date_end, position, functional, awards)
VALUES (1, 'ФГ Будущее', '2020-03-01', '2023-01-30', 'Телемастер', 'Монетизация стратегических сетей', 'Лучший сотрудник года'),
       (2, 'Mail.Ru Group', '2019-02-16', '2020-09-29', 'Ювелир', 'Эксплуатация распределённых функций', 'Премия за инновационный подход'),
       (3, 'ООО «Шарапова»', '2014-06-12', '2021-11-16', 'Бармен', 'Монетизация революционных схем', 'Грамота за профессионализм'),
       (4, 'ЗАО «Осипов, Ширяев и Доронин»', '2016-01-06', '2017-11-03', 'Профпатолог', 'Формирование мультимедийных рынков', 'Награда за выдающиеся достижения'),
       (5, 'Ситникова Групп', '2014-04-05', '2021-03-24', 'Телемастер', 'Переосмысление концептуальных технологий', 'Почётная грамота'),
       (6, 'Савельева Инкорпорэйтед', '2023-07-30', '2023-11-12', 'Швея', 'Оптимизация лучших в своём роде результатов', 'Прочный и основной протокол'),
       (7, 'Орлова Лтд', '2015-08-29', '2016-12-10', 'Шкипер', 'Обеспечение эффективных сообществ', 'Адаптивная и ультрасовременная фокус-группа'),
       (8, 'РАО «Дьячков, Сазонов и Осипова»', '2018-11-17', '2020-04-06', 'Особист', 'Мотивация сенсационных инфраструктур', 'Переосмысленный и радикальный графический интерфейс'),
       (9, 'ЗАО «Волкова»', '2018-09-03', '2019-11-01', 'Радиомеханик', 'Внедрение действенных рынков', 'Превентивная и прибыльная инициатива'),
       (10, 'НПО «Зыкова»', '2021-07-29', '2023-09-18', 'Хореограф', 'Эксплуатация заказных знаний', 'Сокращенная и системная структура'),
       (11, 'РАО «Тихонова Попов»', '2018-11-19', '2020-07-19', 'Акушер', 'Максимизация цельных систем снабжения', 'Корпоративный и прибыльный модератор'),
       (12, 'ООО Рога и Копыта', '2020-09-26', '2022-02-25', 'Финансист', 'Оцифровка богатых решений', 'Многогранный и локальный модератор'),
       (13, 'Купишуз (Lamoda)', '2023-04-24', '2023-05-04', 'Акушер', 'Модернизация серверных интернет-продавцов', 'Цельное и нейтральное отношение'),
       (14, 'АО "Лидер"', '2015-03-10', '2018-06-15', 'Системный аналитик', 'Автоматизация ключевых процессов', 'Инновационный и креативный подход'),
       (15, 'ООО «Назаров, Матвеев и Корнилова»', '2017-12-03', '2021-07-07', 'Почтальон', 'Переопределение индивидуальных интернет-магазинов', 'Сбалансированная и встречная реализация'),
       (16, 'Рожков Лтд', '2022-06-21', '2023-01-18', 'Коммерческий директор', 'Распределение революционных схем', 'Делегируемая и статическая вероятность'),
       (17, 'РАО «Соловьева-Брагина»', '2023-09-03', '2023-10-12', 'Орнитолог', 'Генерация стратегических ниш', 'Бизнес-ориентированный и третичный инструментарий'),
       (18, 'Петухов и партнеры', '2021-06-08', '2022-10-13', 'Диктор', 'Мотивация соблазнительных методик', 'Централизованное и аналитическое программное обеспечение'),
       (19, 'РКК Энергия', '2022-06-29', '2023-05-04', 'Автогонщик', 'Объединение современных результатов', 'Продвинутый и специализированный графический интерфейс пользователя'),
       (20, 'АО «Игнатова»', '2022-11-26', '2022-12-03', 'Кодер', 'Обеспечение критически важных интернет-компаний', 'Превентивное и составное совершенствование процесса'),
       (21, 'АО «Исаков-Сергеев»', '2023-01-03', '2023-03-24', 'Специалист по клеточным технологиям', 'Переосмысление интегрированных знаний', 'Модернизируемый и итернациональный подход'),
       (22, 'ЗАО «Корнилов, Нестерова и Осипова»', '2014-07-23', '2022-09-29', 'Переводчик', 'Эксплуатация ориентированных на пользователя интернет-магазинов', 'Межгрупповой и круглосуточный подход'),
       (23, 'Владимиров и партнеры', '2020-12-16', '2021-08-29', 'Иммунолог', 'Охват ультрасовременных интерфейсов', 'Бизнес-ориентированный и приоритетный массив'),
       (24, 'Родионов Инкорпорэйтед', '2023-02-03', '2023-12-03', 'Монтажник', 'Переопределение B2B каналов', 'Управляемое и объектно-ориентированное совершенствование процесса'),
       (25, 'Анисимов и партнеры', '2022-07-18', '2022-10-16', 'Дефектолог', 'Реализация популярных платформ', 'Оперативная и последовательная конгломерация'),
       (26, 'Савельева Инкорпорэйтед', '2023-07-30', '2023-11-12', 'Швея', 'Оптимизация лучших в своём роде результатов', 'Прочный и основной протокол'),
       (27, 'Орлова Лтд', '2015-08-29', '2016-12-10', 'Шкипер', 'Обеспечение эффективных сообществ', 'Адаптивная и ультрасовременная фокус-группа'),
       (28, 'Петухов и партнеры', '2021-06-08', '2022-10-13', 'Диктор', 'Мотивация соблазнительных методик', 'Централизованное и аналитическое программное обеспечение'),
       (29, 'РКК Энергия', '2022-06-29', '2023-05-04', 'Автогонщик', 'Объединение современных результатов', 'Продвинутый и специализированный графический интерфейс пользователя'),
       (30, 'НПО «Зыкова»', '2021-07-29', '2023-09-18', 'Хореограф', 'Эксплуатация заказных знаний', 'Сокращенная и системная структура'),
       (31, 'ООО «Шарапова»', '2014-06-12', '2021-11-16', 'Бармен', 'Монетизация революционных схем', 'Грамота за профессионализм'),
       (32, 'ООО Рога и Копыта', '2020-09-26', '2022-02-25', 'Финансист', 'Оцифровка богатых решений', 'Многогранный и локальный модератор'),
       (33, 'Купишуз (Lamoda)', '2023-04-24', '2023-05-04', 'Акушер', 'Модернизация серверных интернет-продавцов', 'Цельное и нейтральное отношение'),
       (34, 'ЗАО «Осипов, Ширяев и Доронин»', '2016-01-06', '2017-11-03', 'Профпатолог', 'Формирование мультимедийных рынков', 'Награда за выдающиеся достижения'),
       (35, 'Анисимов и партнеры', '2022-07-18', '2022-10-16', 'Дефектолог', 'Реализация популярных платформ', 'Оперативная и последовательная конгломерация'),
       (36, 'Рожков Лтд', '2022-06-21', '2023-01-18', 'Коммерческий директор', 'Распределение революционных схем', 'Делегируемая и статическая вероятность'),
       (37, 'РАО «Соловьева-Брагина»', '2023-09-03', '2023-10-12', 'Орнитолог', 'Генерация стратегических ниш', 'Бизнес-ориентированный и третичный инструментарий'),
       (38, 'РАО «Дьячков, Сазонов и Осипова»', '2018-11-17', '2020-04-06', 'Особист', 'Мотивация сенсационных инфраструктур', 'Переосмысленный и радикальный графический интерфейс'),
       (39, 'ЗАО «Волкова»', '2018-09-03', '2019-11-01', 'Радиомеханик', 'Внедрение действенных рынков', 'Превентивная и прибыльная инициатива'),
       (40, 'АО "Лидер"', '2015-03-10', '2018-06-15', 'Системный аналитик', 'Автоматизация ключевых процессов', 'Инновационный и креативный подход'),
       (41, 'РАО «Тихонова Попов»', '2018-11-19', '2020-07-19', 'Акушер', 'Максимизация цельных систем снабжения', 'Корпоративный и прибыльный модератор'),
       (42, 'ООО Рога и Копыта', '2020-09-26', '2022-02-25', 'Финансист', 'Оцифровка богатых решений', 'Многогранный и локальный модератор'),
       (43, 'ООО «Шарапова»', '2014-06-12', '2021-11-16', 'Бармен', 'Монетизация революционных схем', 'Грамота за профессионализм'),
       (44, 'ЗАО «Осипов, Ширяев и Доронин»', '2016-01-06', '2017-11-03', 'Профпатолог', 'Формирование мультимедийных рынков', 'Награда за выдающиеся достижения'),
       (45, 'Ситникова Групп', '2014-04-05', '2021-03-24', 'Телемастер', 'Переосмысление концептуальных технологий', 'Почётная грамота'),
       (46, 'Савельева Инкорпорэйтед', '2023-07-30', '2023-11-12', 'Швея', 'Оптимизация лучших в своём роде результатов', 'Прочный и основной протокол'),
       (47, 'Орлова Лтд', '2015-08-29', '2016-12-10', 'Шкипер', 'Обеспечение эффективных сообществ', 'Адаптивная и ультрасовременная фокус-группа'),
       (48, 'РАО «Дьячков, Сазонов и Осипова»', '2018-11-17', '2020-04-06', 'Особист', 'Мотивация сенсационных инфраструктур', 'Переосмысленный и радикальный графический интерфейс'),
       (49, 'РКК Энергия', '2022-06-29', '2023-05-04', 'Автогонщик', 'Объединение современных результатов', 'Продвинутый и специализированный графический интерфейс пользователя'),
       (50, 'АО «Игнатова»', '2022-11-26', '2022-12-03', 'Кодер', 'Обеспечение критически важных интернет-компаний', 'Превентивное и составное совершенствование процесса'),
       (51, 'Ситникова Групп', '2014-04-05', '2021-03-24', 'Телемастер', 'Переосмысление концептуальных технологий', 'Почётная грамота'),
       (52, 'Савельева Инкорпорэйтед', '2023-07-30', '2023-11-12', 'Швея', 'Оптимизация лучших в своём роде результатов', 'Прочный и основной протокол'),
       (53, 'ООО «Шарапова»', '2014-06-12', '2021-11-16', 'Бармен', 'Монетизация революционных схем', 'Грамота за профессионализм'),
       (54, 'АО «Игнатова»', '2022-11-26', '2022-12-03', 'Кодер', 'Обеспечение критически важных интернет-компаний', 'Превентивное и составное совершенствование процесса'),
       (55, 'АО «Исаков-Сергеев»', '2023-01-03', '2023-03-24', 'Специалист по клеточным технологиям', 'Переосмысление интегрированных знаний', 'Модернизируемый и итернациональный подход'),
       (56, 'ЗАО «Корнилов, Нестерова и Осипова»', '2014-07-23', '2022-09-29', 'Переводчик', 'Эксплуатация ориентированных на пользователя интернет-магазинов', 'Межгрупповой и круглосуточный подход'),
       (57, 'Владимиров и партнеры', '2020-12-16', '2021-08-29', 'Иммунолог', 'Охват ультрасовременных интерфейсов', 'Бизнес-ориентированный и приоритетный массив'),
       (58, 'Петухов и партнеры', '2021-06-08', '2022-10-13', 'Диктор', 'Мотивация соблазнительных методик', 'Централизованное и аналитическое программное обеспечение'),
       (59, 'ЗАО «Волкова»', '2018-09-03', '2019-11-01', 'Радиомеханик', 'Внедрение действенных рынков', 'Превентивная и прибыльная инициатива'),
       (60, 'Анисимов и партнеры', '2022-07-18', '2022-10-16', 'Дефектолог', 'Реализация популярных платформ', 'Оперативная и последовательная конгломерация'),
       (61, 'АО «Исаков-Сергеев»', '2023-01-03', '2023-03-24', 'Специалист по клеточным технологиям', 'Переосмысление интегрированных знаний', 'Модернизируемый и итернациональный подход'),
       (62, 'ЗАО «Корнилов, Нестерова и Осипова»', '2014-07-23', '2022-09-29', 'Переводчик', 'Эксплуатация ориентированных на пользователя интернет-магазинов', 'Межгрупповой и круглосуточный подход'),
       (63, 'Купишуз (Lamoda)', '2023-04-24', '2023-05-04', 'Акушер', 'Модернизация серверных интернет-продавцов', 'Цельное и нейтральное отношение'),
       (64, 'АО "Лидер"', '2015-03-10', '2018-06-15', 'Системный аналитик', 'Автоматизация ключевых процессов', 'Инновационный и креативный подход'),
       (65, 'Анисимов и партнеры', '2022-07-18', '2022-10-16', 'Дефектолог', 'Реализация популярных платформ', 'Оперативная и последовательная конгломерация'),
       (66, 'Савельева Инкорпорэйтед', '2023-07-30', '2023-11-12', 'Швея', 'Оптимизация лучших в своём роде результатов', 'Прочный и основной протокол'),
       (67, 'Орлова Лтд', '2015-08-29', '2016-12-10', 'Шкипер', 'Обеспечение эффективных сообществ', 'Адаптивная и ультрасовременная фокус-группа'),
       (68, 'РАО «Дьячков, Сазонов и Осипова»', '2018-11-17', '2020-04-06', 'Особист', 'Мотивация сенсационных инфраструктур', 'Переосмысленный и радикальный графический интерфейс'),
       (69, 'РКК Энергия', '2022-06-29', '2023-05-04', 'Автогонщик', 'Объединение современных результатов', 'Продвинутый и специализированный графический интерфейс пользователя'),
       (70, 'НПО «Зыкова»', '2021-07-29', '2023-09-18', 'Хореограф', 'Эксплуатация заказных знаний', 'Сокращенная и системная структура');

INSERT INTO visas (user_id, number, issued_state, valid_to, valid_from, type)
VALUES
    (1, 'VISA1001', 'Россия', '2025-01-01', '2023-01-01', '1'),
    (2, 'VISA1002', 'США', '2024-05-20', '2023-02-15', '2'),
    (3, 'VISA1003', 'Канада', '2023-11-30', '2022-05-10', 'mult'),
    (4, 'VISA1004', 'Франция', '2026-07-15', '2025-06-01', '1'),
    (5, 'VISA1005', 'Германия', '2027-08-21', '2026-07-11', '2'),
    (6, 'VISA1006', 'Италия', '2023-03-12', '2022-03-01', 'mult'),
    (7, 'VISA1007', 'Испания', '2025-09-18', '2024-08-30', '1'),
    (8, 'VISA1008', 'Бразилия', '2028-10-05', '2027-09-20', '2'),
    (9, 'VISA1009', 'Австралия', '2024-04-25', '2023-04-10', 'mult'),
    (10, 'VISA1010', 'Япония', '2026-12-31', '2025-12-15', '1'),
    (11, 'VISA1011', 'Южная Корея', '2024-06-18', '2023-05-03', '2'),
    (12, 'VISA1012', 'Индия', '2025-07-20', '2024-07-05', 'mult'),
    (13, 'VISA1013', 'Китай', '2026-08-30', '2025-08-15', '1'),
    (14, 'VISA1014', 'Таиланд', '2023-09-14', '2022-08-29', '2'),
    (15, 'VISA1015', 'Мексика', '2027-10-09', '2026-09-24', 'mult'),
    (16, 'VISA1016', 'Турция', '2024-11-23', '2023-11-08', '1'),
    (17, 'VISA1017', 'Египет', '2025-12-18', '2024-12-03', '2'),
    (18, 'VISA1018', 'Норвегия', '2026-01-12', '2025-12-28', 'mult'),
    (19, 'VISA1019', 'Швеция', '2027-02-16', '2026-02-01', '1'),
    (20, 'VISA1020', 'Финляндия', '2024-03-21', '2023-03-06', '2'),
    (21, 'VISA1021', 'Нидерланды', '2025-04-25', '2024-04-10', 'mult'),
    (22, 'VISA1022', 'Бельгия', '2026-05-30', '2025-05-15', '1'),
    (23, 'VISA1023', 'Люксембург', '2027-06-14', '2026-05-30', '2'),
    (24, 'VISA1024', 'Португалия', '2024-07-19', '2023-07-04', 'mult'),
    (25, 'VISA1025', 'Ирландия', '2025-08-23', '2024-08-08', '1'),
    (26, 'VISA1009', 'Австралия', '2024-04-25', '2023-04-10', 'mult'),
    (27, 'VISA1017', 'Египет', '2025-12-18', '2024-12-03', '2'),
    (28, 'VISA1018', 'Норвегия', '2026-01-12', '2025-12-28', 'mult'),
    (29, 'VISA1006', 'Италия', '2023-03-12', '2022-03-01', 'mult'),
    (30, 'VISA1010', 'Япония', '2026-12-31', '2025-12-15', '1'),
    (31, 'VISA1001', 'Россия', '2025-01-01', '2023-01-01', '1'),
    (32, 'VISA1002', 'США', '2024-05-20', '2023-02-15', '2'),
    (33, 'VISA1013', 'Китай', '2026-08-30', '2025-08-15', '1'),
    (34, 'VISA1024', 'Португалия', '2024-07-19', '2023-07-04', 'mult'),
    (35, 'VISA1005', 'Германия', '2027-08-21', '2026-07-11', '2'),
    (36, 'VISA1006', 'Италия', '2023-03-12', '2022-03-01', 'mult'),
    (37, 'VISA1017', 'Египет', '2025-12-18', '2024-12-03', '2'),
    (38, 'VISA1018', 'Норвегия', '2026-01-12', '2025-12-28', 'mult'),
    (39, 'VISA1009', 'Австралия', '2024-04-25', '2023-04-10', 'mult'),
    (40, 'VISA1007', 'Испания', '2025-09-18', '2024-08-30', '1'),
    (41, 'VISA1011', 'Южная Корея', '2024-06-18', '2023-05-03', '2'),
    (42, 'VISA1019', 'Швеция', '2027-02-16', '2026-02-01', '1'),
    (43, 'VISA1020', 'Финляндия', '2024-03-21', '2023-03-06', '2'),
    (44, 'VISA1014', 'Таиланд', '2023-09-14', '2022-08-29', '2'),
    (45, 'VISA1015', 'Мексика', '2027-10-09', '2026-09-24', 'mult'),
    (46, 'VISA1012', 'Индия', '2025-07-20', '2024-07-05', 'mult'),
    (47, 'VISA1013', 'Китай', '2026-08-30', '2025-08-15', '1'),
    (48, 'VISA1018', 'Норвегия', '2026-01-12', '2025-12-28', 'mult'),
    (49, 'VISA1003', 'Канада', '2023-11-30', '2022-05-10', 'mult'),
    (50, 'VISA1020', 'Финляндия', '2024-03-21', '2023-03-06', '2'),
    (51, 'VISA1024', 'Португалия', '2024-07-19', '2023-07-04', 'mult'),
    (52, 'VISA1025', 'Ирландия', '2025-08-23', '2024-08-08', '1'),
    (53, 'VISA1023', 'Люксембург', '2027-06-14', '2026-05-30', '2'),
    (54, 'VISA1005', 'Германия', '2027-08-21', '2026-07-11', '2'),
    (55, 'VISA1008', 'Бразилия', '2028-10-05', '2027-09-20', '2'),
    (56, 'VISA1009', 'Австралия', '2024-04-25', '2023-04-10', 'mult'),
    (57, 'VISA1017', 'Египет', '2025-12-18', '2024-12-03', '2'),
    (58, 'VISA1018', 'Норвегия', '2026-01-12', '2025-12-28', 'mult'),
    (59, 'VISA1009', 'Австралия', '2024-04-25', '2023-04-10', 'mult'),
    (60, 'VISA1016', 'Турция', '2024-11-23', '2023-11-08', '1'),
    (61, 'VISA1021', 'Нидерланды', '2025-04-25', '2024-04-10', 'mult'),
    (62, 'VISA1022', 'Бельгия', '2026-05-30', '2025-05-15', '1'),
    (63, 'VISA1003', 'Канада', '2023-11-30', '2022-05-10', 'mult'),
    (64, 'VISA1004', 'Франция', '2026-07-15', '2025-06-01', '1'),
    (65, 'VISA1025', 'Ирландия', '2025-08-23', '2024-08-08', '1'),
    (66, 'VISA1008', 'Бразилия', '2028-10-05', '2027-09-20', '2'),
    (67, 'VISA1009', 'Австралия', '2024-04-25', '2023-04-10', 'mult'),
    (68, 'VISA1010', 'Япония', '2026-12-31', '2025-12-15', '1'),
    (69, 'VISA1011', 'Южная Корея', '2024-06-18', '2023-05-03', '2'),
    (70, 'VISA1001', 'Россия', '2025-01-01', '2023-01-01', '1');
-- commit the change
COMMIT;